-12,-13,ShiAHthcQKwggTTwV4ffAZMUWhY=,wUHqr9crVbvmVDtHdmoOyLOuuco=
-13,-13,rSOfqiwKtj6mAv8vvylTOPCsduk=,wUHqr9crVbvmVDtHdmoOyLOuuco=
-13,-14,CGsMLQL44d0MXNaVbzYMO5WDT50=,wUHqr9crVbvmVDtHdmoOyLOuuco=
-11,-10,CGsMLQL44d0MXNaVbzYMO5WDT50=,wUHqr9crVbvmVDtHdmoOyLOuuco=
-10,-14,CGsMLQL44d0MXNaVbzYMO5WDT50=,wUHqr9crVbvmVDtHdmoOyLOuuco=
-12,-14,CGsMLQL44d0MXNaVbzYMO5WDT50=,wUHqr9crVbvmVDtHdmoOyLOuuco=
-14,-13,CGsMLQL44d0MXNaVbzYMO5WDT50=,wUHqr9crVbvmVDtHdmoOyLOuuco=
-11,-14,CGsMLQL44d0MXNaVbzYMO5WDT50=,wUHqr9crVbvmVDtHdmoOyLOuuco=
-15,-13,CGsMLQL44d0MXNaVbzYMO5WDT50=,wUHqr9crVbvmVDtHdmoOyLOuuco=
-10,-10,CGsMLQL44d0MXNaVbzYMO5WDT50=,wUHqr9crVbvmVDtHdmoOyLOuuco=
-15,-14,CGsMLQL44d0MXNaVbzYMO5WDT50=,wUHqr9crVbvmVDtHdmoOyLOuuco=
-14,-14,CGsMLQL44d0MXNaVbzYMO5WDT50=,wUHqr9crVbvmVDtHdmoOyLOuuco=
-13,-15,CGsMLQL44d0MXNaVbzYMO5WDT50=,wUHqr9crVbvmVDtHdmoOyLOuuco=
-11,-15,CGsMLQL44d0MXNaVbzYMO5WDT50=,wUHqr9crVbvmVDtHdmoOyLOuuco=
-12,-10,CGsMLQL44d0MXNaVbzYMO5WDT50=,wUHqr9crVbvmVDtHdmoOyLOuuco=
-12,-15,CGsMLQL44d0MXNaVbzYMO5WDT50=,wUHqr9crVbvmVDtHdmoOyLOuuco=
-10,-15,CGsMLQL44d0MXNaVbzYMO5WDT50=,wUHqr9crVbvmVDtHdmoOyLOuuco=
-15,-15,CGsMLQL44d0MXNaVbzYMO5WDT50=,wUHqr9crVbvmVDtHdmoOyLOuuco=
-14,-15,CGsMLQL44d0MXNaVbzYMO5WDT50=,wUHqr9crVbvmVDtHdmoOyLOuuco=
-14,-10,CGsMLQL44d0MXNaVbzYMO5WDT50=,wUHqr9crVbvmVDtHdmoOyLOuuco=
-15,-10,CGsMLQL44d0MXNaVbzYMO5WDT50=,wUHqr9crVbvmVDtHdmoOyLOuuco=
-11,-11,CGsMLQL44d0MXNaVbzYMO5WDT50=,wUHqr9crVbvmVDtHdmoOyLOuuco=
-10,-11,CGsMLQL44d0MXNaVbzYMO5WDT50=,wUHqr9crVbvmVDtHdmoOyLOuuco=
-12,-11,CGsMLQL44d0MXNaVbzYMO5WDT50=,wUHqr9crVbvmVDtHdmoOyLOuuco=
-13,-10,CGsMLQL44d0MXNaVbzYMO5WDT50=,wUHqr9crVbvmVDtHdmoOyLOuuco=
-11,-12,CGsMLQL44d0MXNaVbzYMO5WDT50=,wUHqr9crVbvmVDtHdmoOyLOuuco=
-12,-12,CGsMLQL44d0MXNaVbzYMO5WDT50=,wUHqr9crVbvmVDtHdmoOyLOuuco=
-13,-11,CGsMLQL44d0MXNaVbzYMO5WDT50=,wUHqr9crVbvmVDtHdmoOyLOuuco=
-10,-12,CGsMLQL44d0MXNaVbzYMO5WDT50=,wUHqr9crVbvmVDtHdmoOyLOuuco=
-13,-12,CGsMLQL44d0MXNaVbzYMO5WDT50=,wUHqr9crVbvmVDtHdmoOyLOuuco=
-14,-11,CGsMLQL44d0MXNaVbzYMO5WDT50=,wUHqr9crVbvmVDtHdmoOyLOuuco=
-10,-13,CGsMLQL44d0MXNaVbzYMO5WDT50=,wUHqr9crVbvmVDtHdmoOyLOuuco=
-14,-12,CGsMLQL44d0MXNaVbzYMO5WDT50=,wUHqr9crVbvmVDtHdmoOyLOuuco=
-15,-12,CGsMLQL44d0MXNaVbzYMO5WDT50=,wUHqr9crVbvmVDtHdmoOyLOuuco=
-11,-13,CGsMLQL44d0MXNaVbzYMO5WDT50=,wUHqr9crVbvmVDtHdmoOyLOuuco=
-15,-11,CGsMLQL44d0MXNaVbzYMO5WDT50=,wUHqr9crVbvmVDtHdmoOyLOuuco=
-11,-5,CGsMLQL44d0MXNaVbzYMO5WDT50=,AjnbXNgc565i1UuDIZKuPt5KNkw=
-12,-5,CGsMLQL44d0MXNaVbzYMO5WDT50=,AjnbXNgc565i1UuDIZKuPt5KNkw=
-11,-9,CGsMLQL44d0MXNaVbzYMO5WDT50=,wUHqr9crVbvmVDtHdmoOyLOuuco=
-14,-5,CGsMLQL44d0MXNaVbzYMO5WDT50=,AjnbXNgc565i1UuDIZKuPt5KNkw=
-13,-5,CGsMLQL44d0MXNaVbzYMO5WDT50=,AjnbXNgc565i1UuDIZKuPt5KNkw=
-10,-9,CGsMLQL44d0MXNaVbzYMO5WDT50=,wUHqr9crVbvmVDtHdmoOyLOuuco=
-10,-5,CGsMLQL44d0MXNaVbzYMO5WDT50=,AjnbXNgc565i1UuDIZKuPt5KNkw=
-10,-1,CGsMLQL44d0MXNaVbzYMO5WDT50=,AjnbXNgc565i1UuDIZKuPt5KNkw=
-15,-5,CGsMLQL44d0MXNaVbzYMO5WDT50=,AjnbXNgc565i1UuDIZKuPt5KNkw=
-11,-1,CGsMLQL44d0MXNaVbzYMO5WDT50=,AjnbXNgc565i1UuDIZKuPt5KNkw=
-13,-9,CGsMLQL44d0MXNaVbzYMO5WDT50=,wUHqr9crVbvmVDtHdmoOyLOuuco=
-10,-6,CGsMLQL44d0MXNaVbzYMO5WDT50=,AjnbXNgc565i1UuDIZKuPt5KNkw=
-12,-9,CGsMLQL44d0MXNaVbzYMO5WDT50=,wUHqr9crVbvmVDtHdmoOyLOuuco=
-15,-4,CGsMLQL44d0MXNaVbzYMO5WDT50=,AjnbXNgc565i1UuDIZKuPt5KNkw=
-11,-6,CGsMLQL44d0MXNaVbzYMO5WDT50=,AjnbXNgc565i1UuDIZKuPt5KNkw=
-13,-1,CGsMLQL44d0MXNaVbzYMO5WDT50=,AjnbXNgc565i1UuDIZKuPt5KNkw=
-12,-1,CGsMLQL44d0MXNaVbzYMO5WDT50=,AjnbXNgc565i1UuDIZKuPt5KNkw=
-12,-6,CGsMLQL44d0MXNaVbzYMO5WDT50=,AjnbXNgc565i1UuDIZKuPt5KNkw=
-15,-1,CGsMLQL44d0MXNaVbzYMO5WDT50=,AjnbXNgc565i1UuDIZKuPt5KNkw=
-14,-9,CGsMLQL44d0MXNaVbzYMO5WDT50=,wUHqr9crVbvmVDtHdmoOyLOuuco=
-10,-2,CGsMLQL44d0MXNaVbzYMO5WDT50=,AjnbXNgc565i1UuDIZKuPt5KNkw=
-14,-1,CGsMLQL44d0MXNaVbzYMO5WDT50=,AjnbXNgc565i1UuDIZKuPt5KNkw=
-13,-6,CGsMLQL44d0MXNaVbzYMO5WDT50=,AjnbXNgc565i1UuDIZKuPt5KNkw=
-14,-4,CGsMLQL44d0MXNaVbzYMO5WDT50=,AjnbXNgc565i1UuDIZKuPt5KNkw=
-11,-2,CGsMLQL44d0MXNaVbzYMO5WDT50=,AjnbXNgc565i1UuDIZKuPt5KNkw=
-12,-2,CGsMLQL44d0MXNaVbzYMO5WDT50=,AjnbXNgc565i1UuDIZKuPt5KNkw=
-14,-6,CGsMLQL44d0MXNaVbzYMO5WDT50=,AjnbXNgc565i1UuDIZKuPt5KNkw=
-15,-6,CGsMLQL44d0MXNaVbzYMO5WDT50=,AjnbXNgc565i1UuDIZKuPt5KNkw=
-15,-9,CGsMLQL44d0MXNaVbzYMO5WDT50=,wUHqr9crVbvmVDtHdmoOyLOuuco=
-15,-2,CGsMLQL44d0MXNaVbzYMO5WDT50=,AjnbXNgc565i1UuDIZKuPt5KNkw=
-11,-3,CGsMLQL44d0MXNaVbzYMO5WDT50=,AjnbXNgc565i1UuDIZKuPt5KNkw=
-14,-2,CGsMLQL44d0MXNaVbzYMO5WDT50=,AjnbXNgc565i1UuDIZKuPt5KNkw=
-15,-8,CGsMLQL44d0MXNaVbzYMO5WDT50=,AjnbXNgc565i1UuDIZKuPt5KNkw=
-10,-7,CGsMLQL44d0MXNaVbzYMO5WDT50=,AjnbXNgc565i1UuDIZKuPt5KNkw=
-10,-3,CGsMLQL44d0MXNaVbzYMO5WDT50=,AjnbXNgc565i1UuDIZKuPt5KNkw=
-12,-3,CGsMLQL44d0MXNaVbzYMO5WDT50=,AjnbXNgc565i1UuDIZKuPt5KNkw=
-11,-7,CGsMLQL44d0MXNaVbzYMO5WDT50=,AjnbXNgc565i1UuDIZKuPt5KNkw=
-14,-3,CGsMLQL44d0MXNaVbzYMO5WDT50=,AjnbXNgc565i1UuDIZKuPt5KNkw=
-15,-3,CGsMLQL44d0MXNaVbzYMO5WDT50=,AjnbXNgc565i1UuDIZKuPt5KNkw=
-13,-3,CGsMLQL44d0MXNaVbzYMO5WDT50=,AjnbXNgc565i1UuDIZKuPt5KNkw=
-13,-7,CGsMLQL44d0MXNaVbzYMO5WDT50=,AjnbXNgc565i1UuDIZKuPt5KNkw=
-10,-4,CGsMLQL44d0MXNaVbzYMO5WDT50=,AjnbXNgc565i1UuDIZKuPt5KNkw=
-14,-8,CGsMLQL44d0MXNaVbzYMO5WDT50=,AjnbXNgc565i1UuDIZKuPt5KNkw=
-12,-7,CGsMLQL44d0MXNaVbzYMO5WDT50=,AjnbXNgc565i1UuDIZKuPt5KNkw=
-12,-4,CGsMLQL44d0MXNaVbzYMO5WDT50=,AjnbXNgc565i1UuDIZKuPt5KNkw=
-11,-4,CGsMLQL44d0MXNaVbzYMO5WDT50=,AjnbXNgc565i1UuDIZKuPt5KNkw=
-13,-8,CGsMLQL44d0MXNaVbzYMO5WDT50=,AjnbXNgc565i1UuDIZKuPt5KNkw=
-13,-2,CGsMLQL44d0MXNaVbzYMO5WDT50=,AjnbXNgc565i1UuDIZKuPt5KNkw=
-14,-7,CGsMLQL44d0MXNaVbzYMO5WDT50=,AjnbXNgc565i1UuDIZKuPt5KNkw=
-13,-4,CGsMLQL44d0MXNaVbzYMO5WDT50=,AjnbXNgc565i1UuDIZKuPt5KNkw=
-15,-7,CGsMLQL44d0MXNaVbzYMO5WDT50=,AjnbXNgc565i1UuDIZKuPt5KNkw=
-12,-8,CGsMLQL44d0MXNaVbzYMO5WDT50=,AjnbXNgc565i1UuDIZKuPt5KNkw=
-10,-8,CGsMLQL44d0MXNaVbzYMO5WDT50=,AjnbXNgc565i1UuDIZKuPt5KNkw=
-11,-8,CGsMLQL44d0MXNaVbzYMO5WDT50=,AjnbXNgc565i1UuDIZKuPt5KNkw=
-4,-11,CGsMLQL44d0MXNaVbzYMO5WDT50=,u9N8jRxk7xwkV1wod0zA5TXvKMI=
-3,-12,CGsMLQL44d0MXNaVbzYMO5WDT50=,u9N8jRxk7xwkV1wod0zA5TXvKMI=
-3,-11,CGsMLQL44d0MXNaVbzYMO5WDT50=,u9N8jRxk7xwkV1wod0zA5TXvKMI=
-7,-11,CGsMLQL44d0MXNaVbzYMO5WDT50=,u9N8jRxk7xwkV1wod0zA5TXvKMI=
-2,-12,CGsMLQL44d0MXNaVbzYMO5WDT50=,u9N8jRxk7xwkV1wod0zA5TXvKMI=
-8,-11,CGsMLQL44d0MXNaVbzYMO5WDT50=,u9N8jRxk7xwkV1wod0zA5TXvKMI=
-6,-11,CGsMLQL44d0MXNaVbzYMO5WDT50=,u9N8jRxk7xwkV1wod0zA5TXvKMI=
-9,-14,CGsMLQL44d0MXNaVbzYMO5WDT50=,wUHqr9crVbvmVDtHdmoOyLOuuco=
-5,-11,CGsMLQL44d0MXNaVbzYMO5WDT50=,u9N8jRxk7xwkV1wod0zA5TXvKMI=
-6,-12,CGsMLQL44d0MXNaVbzYMO5WDT50=,u9N8jRxk7xwkV1wod0zA5TXvKMI=
-7,-12,CGsMLQL44d0MXNaVbzYMO5WDT50=,u9N8jRxk7xwkV1wod0zA5TXvKMI=
-5,-12,CGsMLQL44d0MXNaVbzYMO5WDT50=,u9N8jRxk7xwkV1wod0zA5TXvKMI=
-2,-13,CGsMLQL44d0MXNaVbzYMO5WDT50=,u9N8jRxk7xwkV1wod0zA5TXvKMI=
-2,-11,CGsMLQL44d0MXNaVbzYMO5WDT50=,u9N8jRxk7xwkV1wod0zA5TXvKMI=
-5,-13,CGsMLQL44d0MXNaVbzYMO5WDT50=,u9N8jRxk7xwkV1wod0zA5TXvKMI=
-8,-12,CGsMLQL44d0MXNaVbzYMO5WDT50=,u9N8jRxk7xwkV1wod0zA5TXvKMI=
-4,-12,CGsMLQL44d0MXNaVbzYMO5WDT50=,u9N8jRxk7xwkV1wod0zA5TXvKMI=
-4,-13,CGsMLQL44d0MXNaVbzYMO5WDT50=,u9N8jRxk7xwkV1wod0zA5TXvKMI=
-3,-13,CGsMLQL44d0MXNaVbzYMO5WDT50=,u9N8jRxk7xwkV1wod0zA5TXvKMI=
-6,-13,CGsMLQL44d0MXNaVbzYMO5WDT50=,u9N8jRxk7xwkV1wod0zA5TXvKMI=
-9,-10,CGsMLQL44d0MXNaVbzYMO5WDT50=,wUHqr9crVbvmVDtHdmoOyLOuuco=
-9,-13,CGsMLQL44d0MXNaVbzYMO5WDT50=,wUHqr9crVbvmVDtHdmoOyLOuuco=
-7,-13,CGsMLQL44d0MXNaVbzYMO5WDT50=,u9N8jRxk7xwkV1wod0zA5TXvKMI=
-2,-14,CGsMLQL44d0MXNaVbzYMO5WDT50=,u9N8jRxk7xwkV1wod0zA5TXvKMI=
-9,-15,CGsMLQL44d0MXNaVbzYMO5WDT50=,wUHqr9crVbvmVDtHdmoOyLOuuco=
-8,-13,CGsMLQL44d0MXNaVbzYMO5WDT50=,u9N8jRxk7xwkV1wod0zA5TXvKMI=
-4,-14,CGsMLQL44d0MXNaVbzYMO5WDT50=,u9N8jRxk7xwkV1wod0zA5TXvKMI=
-3,-14,CGsMLQL44d0MXNaVbzYMO5WDT50=,u9N8jRxk7xwkV1wod0zA5TXvKMI=
-5,-14,CGsMLQL44d0MXNaVbzYMO5WDT50=,u9N8jRxk7xwkV1wod0zA5TXvKMI=
-8,-10,CGsMLQL44d0MXNaVbzYMO5WDT50=,u9N8jRxk7xwkV1wod0zA5TXvKMI=
-6,-14,CGsMLQL44d0MXNaVbzYMO5WDT50=,u9N8jRxk7xwkV1wod0zA5TXvKMI=
-2,-15,CGsMLQL44d0MXNaVbzYMO5WDT50=,u9N8jRxk7xwkV1wod0zA5TXvKMI=
-7,-14,CGsMLQL44d0MXNaVbzYMO5WDT50=,u9N8jRxk7xwkV1wod0zA5TXvKMI=
-9,-11,CGsMLQL44d0MXNaVbzYMO5WDT50=,wUHqr9crVbvmVDtHdmoOyLOuuco=
-8,-14,CGsMLQL44d0MXNaVbzYMO5WDT50=,u9N8jRxk7xwkV1wod0zA5TXvKMI=
-3,-15,CGsMLQL44d0MXNaVbzYMO5WDT50=,u9N8jRxk7xwkV1wod0zA5TXvKMI=
-3,-10,CGsMLQL44d0MXNaVbzYMO5WDT50=,u9N8jRxk7xwkV1wod0zA5TXvKMI=
-7,-10,CGsMLQL44d0MXNaVbzYMO5WDT50=,u9N8jRxk7xwkV1wod0zA5TXvKMI=
-4,-15,CGsMLQL44d0MXNaVbzYMO5WDT50=,u9N8jRxk7xwkV1wod0zA5TXvKMI=
-2,-10,CGsMLQL44d0MXNaVbzYMO5WDT50=,u9N8jRxk7xwkV1wod0zA5TXvKMI=
-5,-15,CGsMLQL44d0MXNaVbzYMO5WDT50=,u9N8jRxk7xwkV1wod0zA5TXvKMI=
-8,-15,CGsMLQL44d0MXNaVbzYMO5WDT50=,u9N8jRxk7xwkV1wod0zA5TXvKMI=
-6,-15,CGsMLQL44d0MXNaVbzYMO5WDT50=,u9N8jRxk7xwkV1wod0zA5TXvKMI=
-7,-15,CGsMLQL44d0MXNaVbzYMO5WDT50=,u9N8jRxk7xwkV1wod0zA5TXvKMI=
-9,-12,CGsMLQL44d0MXNaVbzYMO5WDT50=,wUHqr9crVbvmVDtHdmoOyLOuuco=
-4,-10,CGsMLQL44d0MXNaVbzYMO5WDT50=,u9N8jRxk7xwkV1wod0zA5TXvKMI=
-5,-10,CGsMLQL44d0MXNaVbzYMO5WDT50=,u9N8jRxk7xwkV1wod0zA5TXvKMI=
-6,-10,CGsMLQL44d0MXNaVbzYMO5WDT50=,u9N8jRxk7xwkV1wod0zA5TXvKMI=
-1,-15,CGsMLQL44d0MXNaVbzYMO5WDT50=,u9N8jRxk7xwkV1wod0zA5TXvKMI=
-1,-11,CGsMLQL44d0MXNaVbzYMO5WDT50=,u9N8jRxk7xwkV1wod0zA5TXvKMI=
-1,-14,CGsMLQL44d0MXNaVbzYMO5WDT50=,u9N8jRxk7xwkV1wod0zA5TXvKMI=
-1,-10,CGsMLQL44d0MXNaVbzYMO5WDT50=,u9N8jRxk7xwkV1wod0zA5TXvKMI=
-1,-13,CGsMLQL44d0MXNaVbzYMO5WDT50=,u9N8jRxk7xwkV1wod0zA5TXvKMI=
-1,-12,CGsMLQL44d0MXNaVbzYMO5WDT50=,u9N8jRxk7xwkV1wod0zA5TXvKMI=
-5,-16,CGsMLQL44d0MXNaVbzYMO5WDT50=,u9N8jRxk7xwkV1wod0zA5TXvKMI=
-2,-16,CGsMLQL44d0MXNaVbzYMO5WDT50=,u9N8jRxk7xwkV1wod0zA5TXvKMI=
-4,-16,CGsMLQL44d0MXNaVbzYMO5WDT50=,u9N8jRxk7xwkV1wod0zA5TXvKMI=
-7,-16,CGsMLQL44d0MXNaVbzYMO5WDT50=,u9N8jRxk7xwkV1wod0zA5TXvKMI=
-3,-16,CGsMLQL44d0MXNaVbzYMO5WDT50=,u9N8jRxk7xwkV1wod0zA5TXvKMI=
-6,-16,CGsMLQL44d0MXNaVbzYMO5WDT50=,u9N8jRxk7xwkV1wod0zA5TXvKMI=
-8,-16,CGsMLQL44d0MXNaVbzYMO5WDT50=,u9N8jRxk7xwkV1wod0zA5TXvKMI=
-15,-16,CGsMLQL44d0MXNaVbzYMO5WDT50=,wUHqr9crVbvmVDtHdmoOyLOuuco=
-9,-16,CGsMLQL44d0MXNaVbzYMO5WDT50=,wUHqr9crVbvmVDtHdmoOyLOuuco=
-10,-16,CGsMLQL44d0MXNaVbzYMO5WDT50=,wUHqr9crVbvmVDtHdmoOyLOuuco=
-14,-16,CGsMLQL44d0MXNaVbzYMO5WDT50=,wUHqr9crVbvmVDtHdmoOyLOuuco=
-12,-16,CGsMLQL44d0MXNaVbzYMO5WDT50=,wUHqr9crVbvmVDtHdmoOyLOuuco=
-11,-16,CGsMLQL44d0MXNaVbzYMO5WDT50=,wUHqr9crVbvmVDtHdmoOyLOuuco=
-13,-16,CGsMLQL44d0MXNaVbzYMO5WDT50=,wUHqr9crVbvmVDtHdmoOyLOuuco=
-16,-5,CGsMLQL44d0MXNaVbzYMO5WDT50=,AjnbXNgc565i1UuDIZKuPt5KNkw=
-16,-1,CGsMLQL44d0MXNaVbzYMO5WDT50=,AjnbXNgc565i1UuDIZKuPt5KNkw=
-16,-4,CGsMLQL44d0MXNaVbzYMO5WDT50=,AjnbXNgc565i1UuDIZKuPt5KNkw=
-16,-2,CGsMLQL44d0MXNaVbzYMO5WDT50=,AjnbXNgc565i1UuDIZKuPt5KNkw=
-16,-3,CGsMLQL44d0MXNaVbzYMO5WDT50=,AjnbXNgc565i1UuDIZKuPt5KNkw=
-16,-15,CGsMLQL44d0MXNaVbzYMO5WDT50=,wUHqr9crVbvmVDtHdmoOyLOuuco=
-16,-7,CGsMLQL44d0MXNaVbzYMO5WDT50=,AjnbXNgc565i1UuDIZKuPt5KNkw=
-16,-14,CGsMLQL44d0MXNaVbzYMO5WDT50=,wUHqr9crVbvmVDtHdmoOyLOuuco=
-16,-12,CGsMLQL44d0MXNaVbzYMO5WDT50=,wUHqr9crVbvmVDtHdmoOyLOuuco=
-16,-13,CGsMLQL44d0MXNaVbzYMO5WDT50=,wUHqr9crVbvmVDtHdmoOyLOuuco=
-16,-16,CGsMLQL44d0MXNaVbzYMO5WDT50=,wUHqr9crVbvmVDtHdmoOyLOuuco=
-16,-9,CGsMLQL44d0MXNaVbzYMO5WDT50=,wUHqr9crVbvmVDtHdmoOyLOuuco=
-16,-10,CGsMLQL44d0MXNaVbzYMO5WDT50=,wUHqr9crVbvmVDtHdmoOyLOuuco=
-16,-11,CGsMLQL44d0MXNaVbzYMO5WDT50=,wUHqr9crVbvmVDtHdmoOyLOuuco=
-16,-8,CGsMLQL44d0MXNaVbzYMO5WDT50=,AjnbXNgc565i1UuDIZKuPt5KNkw=
-16,-6,CGsMLQL44d0MXNaVbzYMO5WDT50=,AjnbXNgc565i1UuDIZKuPt5KNkw=
-1,-16,CGsMLQL44d0MXNaVbzYMO5WDT50=,u9N8jRxk7xwkV1wod0zA5TXvKMI=
-9,-1,CGsMLQL44d0MXNaVbzYMO5WDT50=,AjnbXNgc565i1UuDIZKuPt5KNkw=
-4,-8,CGsMLQL44d0MXNaVbzYMO5WDT50=,GWBrX6eOp5almyUcl1apbfPHA8I=
-6,-7,CGsMLQL44d0MXNaVbzYMO5WDT50=,GWBrX6eOp5almyUcl1apbfPHA8I=
-9,-6,CGsMLQL44d0MXNaVbzYMO5WDT50=,AjnbXNgc565i1UuDIZKuPt5KNkw=
-1,-7,CGsMLQL44d0MXNaVbzYMO5WDT50=,GWBrX6eOp5almyUcl1apbfPHA8I=
-2,-7,CGsMLQL44d0MXNaVbzYMO5WDT50=,GWBrX6eOp5almyUcl1apbfPHA8I=
-9,-9,CGsMLQL44d0MXNaVbzYMO5WDT50=,wUHqr9crVbvmVDtHdmoOyLOuuco=
-5,-1,CGsMLQL44d0MXNaVbzYMO5WDT50=,GWBrX6eOp5almyUcl1apbfPHA8I=
-8,-6,CGsMLQL44d0MXNaVbzYMO5WDT50=,GWBrX6eOp5almyUcl1apbfPHA8I=
-9,-2,CGsMLQL44d0MXNaVbzYMO5WDT50=,AjnbXNgc565i1UuDIZKuPt5KNkw=
-1,-5,CGsMLQL44d0MXNaVbzYMO5WDT50=,GWBrX6eOp5almyUcl1apbfPHA8I=
-4,-3,CGsMLQL44d0MXNaVbzYMO5WDT50=,GWBrX6eOp5almyUcl1apbfPHA8I=
-9,-4,CGsMLQL44d0MXNaVbzYMO5WDT50=,AjnbXNgc565i1UuDIZKuPt5KNkw=
-9,-7,CGsMLQL44d0MXNaVbzYMO5WDT50=,AjnbXNgc565i1UuDIZKuPt5KNkw=
-7,-7,CGsMLQL44d0MXNaVbzYMO5WDT50=,GWBrX6eOp5almyUcl1apbfPHA8I=
-9,-3,CGsMLQL44d0MXNaVbzYMO5WDT50=,AjnbXNgc565i1UuDIZKuPt5KNkw=
-8,-7,CGsMLQL44d0MXNaVbzYMO5WDT50=,GWBrX6eOp5almyUcl1apbfPHA8I=
-6,-1,CGsMLQL44d0MXNaVbzYMO5WDT50=,GWBrX6eOp5almyUcl1apbfPHA8I=
-2,-4,CGsMLQL44d0MXNaVbzYMO5WDT50=,GWBrX6eOp5almyUcl1apbfPHA8I=
-3,-3,CGsMLQL44d0MXNaVbzYMO5WDT50=,GWBrX6eOp5almyUcl1apbfPHA8I=
-7,-1,CGsMLQL44d0MXNaVbzYMO5WDT50=,GWBrX6eOp5almyUcl1apbfPHA8I=
-9,-8,CGsMLQL44d0MXNaVbzYMO5WDT50=,AjnbXNgc565i1UuDIZKuPt5KNkw=
-2,-5,CGsMLQL44d0MXNaVbzYMO5WDT50=,GWBrX6eOp5almyUcl1apbfPHA8I=
-5,-3,CGsMLQL44d0MXNaVbzYMO5WDT50=,GWBrX6eOp5almyUcl1apbfPHA8I=
-8,-1,CGsMLQL44d0MXNaVbzYMO5WDT50=,GWBrX6eOp5almyUcl1apbfPHA8I=
-4,-4,CGsMLQL44d0MXNaVbzYMO5WDT50=,GWBrX6eOp5almyUcl1apbfPHA8I=
-8,-5,CGsMLQL44d0MXNaVbzYMO5WDT50=,GWBrX6eOp5almyUcl1apbfPHA8I=
-5,-8,CGsMLQL44d0MXNaVbzYMO5WDT50=,GWBrX6eOp5almyUcl1apbfPHA8I=
-6,-3,CGsMLQL44d0MXNaVbzYMO5WDT50=,GWBrX6eOp5almyUcl1apbfPHA8I=
-3,-5,CGsMLQL44d0MXNaVbzYMO5WDT50=,GWBrX6eOp5almyUcl1apbfPHA8I=
-4,-1,CGsMLQL44d0MXNaVbzYMO5WDT50=,GWBrX6eOp5almyUcl1apbfPHA8I=
-4,-5,CGsMLQL44d0MXNaVbzYMO5WDT50=,GWBrX6eOp5almyUcl1apbfPHA8I=
-5,-5,CGsMLQL44d0MXNaVbzYMO5WDT50=,GWBrX6eOp5almyUcl1apbfPHA8I=
-6,-5,CGsMLQL44d0MXNaVbzYMO5WDT50=,GWBrX6eOp5almyUcl1apbfPHA8I=
-7,-5,CGsMLQL44d0MXNaVbzYMO5WDT50=,GWBrX6eOp5almyUcl1apbfPHA8I=
-2,-9,CGsMLQL44d0MXNaVbzYMO5WDT50=,u9N8jRxk7xwkV1wod0zA5TXvKMI=
-3,-4,CGsMLQL44d0MXNaVbzYMO5WDT50=,GWBrX6eOp5almyUcl1apbfPHA8I=
-6,-4,CGsMLQL44d0MXNaVbzYMO5WDT50=,GWBrX6eOp5almyUcl1apbfPHA8I=
-5,-4,CGsMLQL44d0MXNaVbzYMO5WDT50=,GWBrX6eOp5almyUcl1apbfPHA8I=
-1,-8,CGsMLQL44d0MXNaVbzYMO5WDT50=,GWBrX6eOp5almyUcl1apbfPHA8I=
-7,-3,CGsMLQL44d0MXNaVbzYMO5WDT50=,GWBrX6eOp5almyUcl1apbfPHA8I=
-3,-9,CGsMLQL44d0MXNaVbzYMO5WDT50=,u9N8jRxk7xwkV1wod0zA5TXvKMI=
-8,-4,CGsMLQL44d0MXNaVbzYMO5WDT50=,GWBrX6eOp5almyUcl1apbfPHA8I=
-1,-2,CGsMLQL44d0MXNaVbzYMO5WDT50=,GWBrX6eOp5almyUcl1apbfPHA8I=
-1,-9,CGsMLQL44d0MXNaVbzYMO5WDT50=,u9N8jRxk7xwkV1wod0zA5TXvKMI=
-2,-2,CGsMLQL44d0MXNaVbzYMO5WDT50=,GWBrX6eOp5almyUcl1apbfPHA8I=
-4,-9,CGsMLQL44d0MXNaVbzYMO5WDT50=,u9N8jRxk7xwkV1wod0zA5TXvKMI=
-1,-6,CGsMLQL44d0MXNaVbzYMO5WDT50=,GWBrX6eOp5almyUcl1apbfPHA8I=
-2,-6,CGsMLQL44d0MXNaVbzYMO5WDT50=,GWBrX6eOp5almyUcl1apbfPHA8I=
-7,-8,CGsMLQL44d0MXNaVbzYMO5WDT50=,GWBrX6eOp5almyUcl1apbfPHA8I=
-3,-1,CGsMLQL44d0MXNaVbzYMO5WDT50=,GWBrX6eOp5almyUcl1apbfPHA8I=
-4,-2,CGsMLQL44d0MXNaVbzYMO5WDT50=,GWBrX6eOp5almyUcl1apbfPHA8I=
-7,-4,CGsMLQL44d0MXNaVbzYMO5WDT50=,GWBrX6eOp5almyUcl1apbfPHA8I=
-5,-2,CGsMLQL44d0MXNaVbzYMO5WDT50=,GWBrX6eOp5almyUcl1apbfPHA8I=
-3,-6,CGsMLQL44d0MXNaVbzYMO5WDT50=,GWBrX6eOp5almyUcl1apbfPHA8I=
-3,-2,CGsMLQL44d0MXNaVbzYMO5WDT50=,GWBrX6eOp5almyUcl1apbfPHA8I=
-6,-2,CGsMLQL44d0MXNaVbzYMO5WDT50=,GWBrX6eOp5almyUcl1apbfPHA8I=
-4,-6,CGsMLQL44d0MXNaVbzYMO5WDT50=,GWBrX6eOp5almyUcl1apbfPHA8I=
-8,-2,CGsMLQL44d0MXNaVbzYMO5WDT50=,GWBrX6eOp5almyUcl1apbfPHA8I=
-5,-6,CGsMLQL44d0MXNaVbzYMO5WDT50=,GWBrX6eOp5almyUcl1apbfPHA8I=
-2,-8,CGsMLQL44d0MXNaVbzYMO5WDT50=,GWBrX6eOp5almyUcl1apbfPHA8I=
-2,-1,CGsMLQL44d0MXNaVbzYMO5WDT50=,GWBrX6eOp5almyUcl1apbfPHA8I=
-6,-8,CGsMLQL44d0MXNaVbzYMO5WDT50=,GWBrX6eOp5almyUcl1apbfPHA8I=
-9,-5,CGsMLQL44d0MXNaVbzYMO5WDT50=,AjnbXNgc565i1UuDIZKuPt5KNkw=
-6,-6,CGsMLQL44d0MXNaVbzYMO5WDT50=,GWBrX6eOp5almyUcl1apbfPHA8I=
-8,-8,CGsMLQL44d0MXNaVbzYMO5WDT50=,GWBrX6eOp5almyUcl1apbfPHA8I=
-4,-7,CGsMLQL44d0MXNaVbzYMO5WDT50=,GWBrX6eOp5almyUcl1apbfPHA8I=
-7,-6,CGsMLQL44d0MXNaVbzYMO5WDT50=,GWBrX6eOp5almyUcl1apbfPHA8I=
-3,-7,CGsMLQL44d0MXNaVbzYMO5WDT50=,GWBrX6eOp5almyUcl1apbfPHA8I=
-3,-8,CGsMLQL44d0MXNaVbzYMO5WDT50=,GWBrX6eOp5almyUcl1apbfPHA8I=
-8,-3,CGsMLQL44d0MXNaVbzYMO5WDT50=,GWBrX6eOp5almyUcl1apbfPHA8I=
-5,-9,CGsMLQL44d0MXNaVbzYMO5WDT50=,u9N8jRxk7xwkV1wod0zA5TXvKMI=
-7,-2,CGsMLQL44d0MXNaVbzYMO5WDT50=,GWBrX6eOp5almyUcl1apbfPHA8I=
-8,-9,CGsMLQL44d0MXNaVbzYMO5WDT50=,u9N8jRxk7xwkV1wod0zA5TXvKMI=
-6,-9,CGsMLQL44d0MXNaVbzYMO5WDT50=,u9N8jRxk7xwkV1wod0zA5TXvKMI=
-1,-3,CGsMLQL44d0MXNaVbzYMO5WDT50=,GWBrX6eOp5almyUcl1apbfPHA8I=
-7,-9,CGsMLQL44d0MXNaVbzYMO5WDT50=,u9N8jRxk7xwkV1wod0zA5TXvKMI=
-5,-7,CGsMLQL44d0MXNaVbzYMO5WDT50=,GWBrX6eOp5almyUcl1apbfPHA8I=
-1,-4,CGsMLQL44d0MXNaVbzYMO5WDT50=,GWBrX6eOp5almyUcl1apbfPHA8I=
-2,-3,CGsMLQL44d0MXNaVbzYMO5WDT50=,GWBrX6eOp5almyUcl1apbfPHA8I=
-1,-1,CGsMLQL44d0MXNaVbzYMO5WDT50=,GWBrX6eOp5almyUcl1apbfPHA8I=
-13,-27,gz2uFavYrSGlV/7J5Q6Zmz/w/dg=,SU6NpsogSFyrRFVOLkj2ESWEk5o=
-15,-27,FxUsys1+C02yVdoGOrqiPsS5xmI=,SU6NpsogSFyrRFVOLkj2ESWEk5o=
-12,-27,9LuEC7FYIce2jAh2kek2soQLCpU=,SU6NpsogSFyrRFVOLkj2ESWEk5o=
-10,-28,9LuEC7FYIce2jAh2kek2soQLCpU=,SU6NpsogSFyrRFVOLkj2ESWEk5o=
-15,-28,9LuEC7FYIce2jAh2kek2soQLCpU=,SU6NpsogSFyrRFVOLkj2ESWEk5o=
-11,-28,9LuEC7FYIce2jAh2kek2soQLCpU=,SU6NpsogSFyrRFVOLkj2ESWEk5o=
-13,-28,9LuEC7FYIce2jAh2kek2soQLCpU=,SU6NpsogSFyrRFVOLkj2ESWEk5o=
-14,-27,9LuEC7FYIce2jAh2kek2soQLCpU=,SU6NpsogSFyrRFVOLkj2ESWEk5o=
-12,-28,9LuEC7FYIce2jAh2kek2soQLCpU=,SU6NpsogSFyrRFVOLkj2ESWEk5o=
-14,-28,9LuEC7FYIce2jAh2kek2soQLCpU=,SU6NpsogSFyrRFVOLkj2ESWEk5o=
-11,-27,9LuEC7FYIce2jAh2kek2soQLCpU=,SU6NpsogSFyrRFVOLkj2ESWEk5o=
-12,-29,9LuEC7FYIce2jAh2kek2soQLCpU=,SU6NpsogSFyrRFVOLkj2ESWEk5o=
-12,-30,9LuEC7FYIce2jAh2kek2soQLCpU=,SU6NpsogSFyrRFVOLkj2ESWEk5o=
-13,-29,9LuEC7FYIce2jAh2kek2soQLCpU=,SU6NpsogSFyrRFVOLkj2ESWEk5o=
-14,-29,9LuEC7FYIce2jAh2kek2soQLCpU=,SU6NpsogSFyrRFVOLkj2ESWEk5o=
-15,-29,9LuEC7FYIce2jAh2kek2soQLCpU=,SU6NpsogSFyrRFVOLkj2ESWEk5o=
-14,-30,9LuEC7FYIce2jAh2kek2soQLCpU=,SU6NpsogSFyrRFVOLkj2ESWEk5o=
-10,-29,9LuEC7FYIce2jAh2kek2soQLCpU=,SU6NpsogSFyrRFVOLkj2ESWEk5o=
-12,-31,9LuEC7FYIce2jAh2kek2soQLCpU=,SU6NpsogSFyrRFVOLkj2ESWEk5o=
-13,-31,9LuEC7FYIce2jAh2kek2soQLCpU=,SU6NpsogSFyrRFVOLkj2ESWEk5o=
-14,-31,9LuEC7FYIce2jAh2kek2soQLCpU=,SU6NpsogSFyrRFVOLkj2ESWEk5o=
-15,-31,9LuEC7FYIce2jAh2kek2soQLCpU=,SU6NpsogSFyrRFVOLkj2ESWEk5o=
-11,-31,9LuEC7FYIce2jAh2kek2soQLCpU=,SU6NpsogSFyrRFVOLkj2ESWEk5o=
-13,-30,9LuEC7FYIce2jAh2kek2soQLCpU=,SU6NpsogSFyrRFVOLkj2ESWEk5o=
-11,-30,9LuEC7FYIce2jAh2kek2soQLCpU=,SU6NpsogSFyrRFVOLkj2ESWEk5o=
-11,-29,9LuEC7FYIce2jAh2kek2soQLCpU=,SU6NpsogSFyrRFVOLkj2ESWEk5o=
-10,-27,9LuEC7FYIce2jAh2kek2soQLCpU=,SU6NpsogSFyrRFVOLkj2ESWEk5o=
-15,-30,9LuEC7FYIce2jAh2kek2soQLCpU=,SU6NpsogSFyrRFVOLkj2ESWEk5o=
-12,-26,9LuEC7FYIce2jAh2kek2soQLCpU=,SU6NpsogSFyrRFVOLkj2ESWEk5o=
-16,-26,9LuEC7FYIce2jAh2kek2soQLCpU=,SU6NpsogSFyrRFVOLkj2ESWEk5o=
-16,-27,9LuEC7FYIce2jAh2kek2soQLCpU=,SU6NpsogSFyrRFVOLkj2ESWEk5o=
-16,-31,9LuEC7FYIce2jAh2kek2soQLCpU=,SU6NpsogSFyrRFVOLkj2ESWEk5o=
-16,-28,9LuEC7FYIce2jAh2kek2soQLCpU=,SU6NpsogSFyrRFVOLkj2ESWEk5o=
-11,-26,9LuEC7FYIce2jAh2kek2soQLCpU=,SU6NpsogSFyrRFVOLkj2ESWEk5o=
-16,-30,9LuEC7FYIce2jAh2kek2soQLCpU=,SU6NpsogSFyrRFVOLkj2ESWEk5o=
-10,-26,9LuEC7FYIce2jAh2kek2soQLCpU=,SU6NpsogSFyrRFVOLkj2ESWEk5o=
-10,-30,9LuEC7FYIce2jAh2kek2soQLCpU=,SU6NpsogSFyrRFVOLkj2ESWEk5o=
-16,-29,9LuEC7FYIce2jAh2kek2soQLCpU=,SU6NpsogSFyrRFVOLkj2ESWEk5o=
-15,-26,9LuEC7FYIce2jAh2kek2soQLCpU=,SU6NpsogSFyrRFVOLkj2ESWEk5o=
-13,-26,9LuEC7FYIce2jAh2kek2soQLCpU=,SU6NpsogSFyrRFVOLkj2ESWEk5o=
-10,-31,9LuEC7FYIce2jAh2kek2soQLCpU=,SU6NpsogSFyrRFVOLkj2ESWEk5o=
-14,-26,9LuEC7FYIce2jAh2kek2soQLCpU=,SU6NpsogSFyrRFVOLkj2ESWEk5o=
-12,-21,9LuEC7FYIce2jAh2kek2soQLCpU=,oU88GOoQMY4X7zuCqINDZnlUti0=
-14,-21,9LuEC7FYIce2jAh2kek2soQLCpU=,oU88GOoQMY4X7zuCqINDZnlUti0=
-10,-22,9LuEC7FYIce2jAh2kek2soQLCpU=,oU88GOoQMY4X7zuCqINDZnlUti0=
-11,-21,9LuEC7FYIce2jAh2kek2soQLCpU=,oU88GOoQMY4X7zuCqINDZnlUti0=
-15,-21,9LuEC7FYIce2jAh2kek2soQLCpU=,oU88GOoQMY4X7zuCqINDZnlUti0=
-10,-21,9LuEC7FYIce2jAh2kek2soQLCpU=,oU88GOoQMY4X7zuCqINDZnlUti0=
-13,-21,9LuEC7FYIce2jAh2kek2soQLCpU=,oU88GOoQMY4X7zuCqINDZnlUti0=
-11,-22,9LuEC7FYIce2jAh2kek2soQLCpU=,oU88GOoQMY4X7zuCqINDZnlUti0=
-14,-17,9LuEC7FYIce2jAh2kek2soQLCpU=,oU88GOoQMY4X7zuCqINDZnlUti0=
-11,-17,9LuEC7FYIce2jAh2kek2soQLCpU=,oU88GOoQMY4X7zuCqINDZnlUti0=
-10,-17,9LuEC7FYIce2jAh2kek2soQLCpU=,oU88GOoQMY4X7zuCqINDZnlUti0=
-15,-17,9LuEC7FYIce2jAh2kek2soQLCpU=,oU88GOoQMY4X7zuCqINDZnlUti0=
-10,-23,9LuEC7FYIce2jAh2kek2soQLCpU=,oU88GOoQMY4X7zuCqINDZnlUti0=
-13,-17,9LuEC7FYIce2jAh2kek2soQLCpU=,oU88GOoQMY4X7zuCqINDZnlUti0=
-15,-20,9LuEC7FYIce2jAh2kek2soQLCpU=,oU88GOoQMY4X7zuCqINDZnlUti0=
-14,-20,9LuEC7FYIce2jAh2kek2soQLCpU=,oU88GOoQMY4X7zuCqINDZnlUti0=
-12,-17,9LuEC7FYIce2jAh2kek2soQLCpU=,oU88GOoQMY4X7zuCqINDZnlUti0=
-14,-22,9LuEC7FYIce2jAh2kek2soQLCpU=,oU88GOoQMY4X7zuCqINDZnlUti0=
-13,-22,9LuEC7FYIce2jAh2kek2soQLCpU=,oU88GOoQMY4X7zuCqINDZnlUti0=
-11,-23,9LuEC7FYIce2jAh2kek2soQLCpU=,oU88GOoQMY4X7zuCqINDZnlUti0=
-10,-18,9LuEC7FYIce2jAh2kek2soQLCpU=,oU88GOoQMY4X7zuCqINDZnlUti0=
-15,-22,9LuEC7FYIce2jAh2kek2soQLCpU=,oU88GOoQMY4X7zuCqINDZnlUti0=
-12,-23,9LuEC7FYIce2jAh2kek2soQLCpU=,oU88GOoQMY4X7zuCqINDZnlUti0=
-11,-18,9LuEC7FYIce2jAh2kek2soQLCpU=,oU88GOoQMY4X7zuCqINDZnlUti0=
-13,-20,9LuEC7FYIce2jAh2kek2soQLCpU=,oU88GOoQMY4X7zuCqINDZnlUti0=
-12,-22,9LuEC7FYIce2jAh2kek2soQLCpU=,oU88GOoQMY4X7zuCqINDZnlUti0=
-10,-24,9LuEC7FYIce2jAh2kek2soQLCpU=,oU88GOoQMY4X7zuCqINDZnlUti0=
-15,-23,9LuEC7FYIce2jAh2kek2soQLCpU=,oU88GOoQMY4X7zuCqINDZnlUti0=
-14,-18,9LuEC7FYIce2jAh2kek2soQLCpU=,oU88GOoQMY4X7zuCqINDZnlUti0=
-15,-18,9LuEC7FYIce2jAh2kek2soQLCpU=,oU88GOoQMY4X7zuCqINDZnlUti0=
-13,-23,9LuEC7FYIce2jAh2kek2soQLCpU=,oU88GOoQMY4X7zuCqINDZnlUti0=
-12,-20,9LuEC7FYIce2jAh2kek2soQLCpU=,oU88GOoQMY4X7zuCqINDZnlUti0=
-14,-23,9LuEC7FYIce2jAh2kek2soQLCpU=,oU88GOoQMY4X7zuCqINDZnlUti0=
-12,-24,9LuEC7FYIce2jAh2kek2soQLCpU=,oU88GOoQMY4X7zuCqINDZnlUti0=
-12,-18,9LuEC7FYIce2jAh2kek2soQLCpU=,oU88GOoQMY4X7zuCqINDZnlUti0=
-11,-24,9LuEC7FYIce2jAh2kek2soQLCpU=,oU88GOoQMY4X7zuCqINDZnlUti0=
-13,-18,9LuEC7FYIce2jAh2kek2soQLCpU=,oU88GOoQMY4X7zuCqINDZnlUti0=
-12,-19,9LuEC7FYIce2jAh2kek2soQLCpU=,oU88GOoQMY4X7zuCqINDZnlUti0=
-11,-19,9LuEC7FYIce2jAh2kek2soQLCpU=,oU88GOoQMY4X7zuCqINDZnlUti0=
-10,-19,9LuEC7FYIce2jAh2kek2soQLCpU=,oU88GOoQMY4X7zuCqINDZnlUti0=
-11,-20,9LuEC7FYIce2jAh2kek2soQLCpU=,oU88GOoQMY4X7zuCqINDZnlUti0=
-13,-24,9LuEC7FYIce2jAh2kek2soQLCpU=,oU88GOoQMY4X7zuCqINDZnlUti0=
-14,-19,9LuEC7FYIce2jAh2kek2soQLCpU=,oU88GOoQMY4X7zuCqINDZnlUti0=
-10,-25,9LuEC7FYIce2jAh2kek2soQLCpU=,SU6NpsogSFyrRFVOLkj2ESWEk5o=
-12,-25,9LuEC7FYIce2jAh2kek2soQLCpU=,SU6NpsogSFyrRFVOLkj2ESWEk5o=
-14,-24,9LuEC7FYIce2jAh2kek2soQLCpU=,oU88GOoQMY4X7zuCqINDZnlUti0=
-13,-19,9LuEC7FYIce2jAh2kek2soQLCpU=,oU88GOoQMY4X7zuCqINDZnlUti0=
-15,-24,9LuEC7FYIce2jAh2kek2soQLCpU=,oU88GOoQMY4X7zuCqINDZnlUti0=
-15,-25,9LuEC7FYIce2jAh2kek2soQLCpU=,SU6NpsogSFyrRFVOLkj2ESWEk5o=
-15,-19,9LuEC7FYIce2jAh2kek2soQLCpU=,oU88GOoQMY4X7zuCqINDZnlUti0=
-10,-20,9LuEC7FYIce2jAh2kek2soQLCpU=,oU88GOoQMY4X7zuCqINDZnlUti0=
-13,-25,9LuEC7FYIce2jAh2kek2soQLCpU=,SU6NpsogSFyrRFVOLkj2ESWEk5o=
-11,-25,9LuEC7FYIce2jAh2kek2soQLCpU=,SU6NpsogSFyrRFVOLkj2ESWEk5o=
-14,-25,9LuEC7FYIce2jAh2kek2soQLCpU=,SU6NpsogSFyrRFVOLkj2ESWEk5o=
-16,-21,9LuEC7FYIce2jAh2kek2soQLCpU=,oU88GOoQMY4X7zuCqINDZnlUti0=
-16,-20,9LuEC7FYIce2jAh2kek2soQLCpU=,oU88GOoQMY4X7zuCqINDZnlUti0=
-16,-22,9LuEC7FYIce2jAh2kek2soQLCpU=,oU88GOoQMY4X7zuCqINDZnlUti0=
-16,-25,9LuEC7FYIce2jAh2kek2soQLCpU=,SU6NpsogSFyrRFVOLkj2ESWEk5o=
-3,-19,9LuEC7FYIce2jAh2kek2soQLCpU=,5bYMzOmQFAoGpg5aRF/N2plK1E4=
-16,-24,9LuEC7FYIce2jAh2kek2soQLCpU=,oU88GOoQMY4X7zuCqINDZnlUti0=
-16,-23,9LuEC7FYIce2jAh2kek2soQLCpU=,oU88GOoQMY4X7zuCqINDZnlUti0=
-8,-19,9LuEC7FYIce2jAh2kek2soQLCpU=,5bYMzOmQFAoGpg5aRF/N2plK1E4=
-16,-18,9LuEC7FYIce2jAh2kek2soQLCpU=,oU88GOoQMY4X7zuCqINDZnlUti0=
-16,-19,9LuEC7FYIce2jAh2kek2soQLCpU=,oU88GOoQMY4X7zuCqINDZnlUti0=
-4,-18,9LuEC7FYIce2jAh2kek2soQLCpU=,5bYMzOmQFAoGpg5aRF/N2plK1E4=
-9,-22,9LuEC7FYIce2jAh2kek2soQLCpU=,oU88GOoQMY4X7zuCqINDZnlUti0=
-1,-18,9LuEC7FYIce2jAh2kek2soQLCpU=,5bYMzOmQFAoGpg5aRF/N2plK1E4=
-5,-17,9LuEC7FYIce2jAh2kek2soQLCpU=,5bYMzOmQFAoGpg5aRF/N2plK1E4=
-2,-18,9LuEC7FYIce2jAh2kek2soQLCpU=,5bYMzOmQFAoGpg5aRF/N2plK1E4=
-7,-17,9LuEC7FYIce2jAh2kek2soQLCpU=,5bYMzOmQFAoGpg5aRF/N2plK1E4=
-2,-20,9LuEC7FYIce2jAh2kek2soQLCpU=,5bYMzOmQFAoGpg5aRF/N2plK1E4=
-1,-20,9LuEC7FYIce2jAh2kek2soQLCpU=,5bYMzOmQFAoGpg5aRF/N2plK1E4=
-9,-23,9LuEC7FYIce2jAh2kek2soQLCpU=,oU88GOoQMY4X7zuCqINDZnlUti0=
-6,-17,9LuEC7FYIce2jAh2kek2soQLCpU=,5bYMzOmQFAoGpg5aRF/N2plK1E4=
-4,-17,9LuEC7FYIce2jAh2kek2soQLCpU=,5bYMzOmQFAoGpg5aRF/N2plK1E4=
-2,-19,9LuEC7FYIce2jAh2kek2soQLCpU=,5bYMzOmQFAoGpg5aRF/N2plK1E4=
-3,-18,9LuEC7FYIce2jAh2kek2soQLCpU=,5bYMzOmQFAoGpg5aRF/N2plK1E4=
-9,-17,9LuEC7FYIce2jAh2kek2soQLCpU=,oU88GOoQMY4X7zuCqINDZnlUti0=
-7,-23,9LuEC7FYIce2jAh2kek2soQLCpU=,5bYMzOmQFAoGpg5aRF/N2plK1E4=
-8,-23,9LuEC7FYIce2jAh2kek2soQLCpU=,5bYMzOmQFAoGpg5aRF/N2plK1E4=
-7,-22,9LuEC7FYIce2jAh2kek2soQLCpU=,5bYMzOmQFAoGpg5aRF/N2plK1E4=
-5,-23,9LuEC7FYIce2jAh2kek2soQLCpU=,5bYMzOmQFAoGpg5aRF/N2plK1E4=
-3,-20,9LuEC7FYIce2jAh2kek2soQLCpU=,5bYMzOmQFAoGpg5aRF/N2plK1E4=
-5,-18,9LuEC7FYIce2jAh2kek2soQLCpU=,5bYMzOmQFAoGpg5aRF/N2plK1E4=
-3,-17,9LuEC7FYIce2jAh2kek2soQLCpU=,5bYMzOmQFAoGpg5aRF/N2plK1E4=
-9,-18,9LuEC7FYIce2jAh2kek2soQLCpU=,oU88GOoQMY4X7zuCqINDZnlUti0=
-1,-23,9LuEC7FYIce2jAh2kek2soQLCpU=,5bYMzOmQFAoGpg5aRF/N2plK1E4=
-9,-19,9LuEC7FYIce2jAh2kek2soQLCpU=,oU88GOoQMY4X7zuCqINDZnlUti0=
-8,-22,9LuEC7FYIce2jAh2kek2soQLCpU=,5bYMzOmQFAoGpg5aRF/N2plK1E4=
-6,-23,9LuEC7FYIce2jAh2kek2soQLCpU=,5bYMzOmQFAoGpg5aRF/N2plK1E4=
-8,-20,9LuEC7FYIce2jAh2kek2soQLCpU=,5bYMzOmQFAoGpg5aRF/N2plK1E4=
-7,-18,9LuEC7FYIce2jAh2kek2soQLCpU=,5bYMzOmQFAoGpg5aRF/N2plK1E4=
-6,-18,9LuEC7FYIce2jAh2kek2soQLCpU=,5bYMzOmQFAoGpg5aRF/N2plK1E4=
-1,-19,9LuEC7FYIce2jAh2kek2soQLCpU=,5bYMzOmQFAoGpg5aRF/N2plK1E4=
-8,-17,9LuEC7FYIce2jAh2kek2soQLCpU=,5bYMzOmQFAoGpg5aRF/N2plK1E4=
-7,-21,9LuEC7FYIce2jAh2kek2soQLCpU=,5bYMzOmQFAoGpg5aRF/N2plK1E4=
-1,-22,9LuEC7FYIce2jAh2kek2soQLCpU=,5bYMzOmQFAoGpg5aRF/N2plK1E4=
-2,-22,9LuEC7FYIce2jAh2kek2soQLCpU=,5bYMzOmQFAoGpg5aRF/N2plK1E4=
-2,-23,9LuEC7FYIce2jAh2kek2soQLCpU=,5bYMzOmQFAoGpg5aRF/N2plK1E4=
-4,-20,9LuEC7FYIce2jAh2kek2soQLCpU=,5bYMzOmQFAoGpg5aRF/N2plK1E4=
-8,-21,9LuEC7FYIce2jAh2kek2soQLCpU=,5bYMzOmQFAoGpg5aRF/N2plK1E4=
-3,-22,9LuEC7FYIce2jAh2kek2soQLCpU=,5bYMzOmQFAoGpg5aRF/N2plK1E4=
-4,-19,9LuEC7FYIce2jAh2kek2soQLCpU=,5bYMzOmQFAoGpg5aRF/N2plK1E4=
-8,-18,9LuEC7FYIce2jAh2kek2soQLCpU=,5bYMzOmQFAoGpg5aRF/N2plK1E4=
-4,-22,9LuEC7FYIce2jAh2kek2soQLCpU=,5bYMzOmQFAoGpg5aRF/N2plK1E4=
-5,-20,9LuEC7FYIce2jAh2kek2soQLCpU=,5bYMzOmQFAoGpg5aRF/N2plK1E4=
-5,-22,9LuEC7FYIce2jAh2kek2soQLCpU=,5bYMzOmQFAoGpg5aRF/N2plK1E4=
-2,-17,9LuEC7FYIce2jAh2kek2soQLCpU=,5bYMzOmQFAoGpg5aRF/N2plK1E4=
-5,-19,9LuEC7FYIce2jAh2kek2soQLCpU=,5bYMzOmQFAoGpg5aRF/N2plK1E4=
-1,-21,9LuEC7FYIce2jAh2kek2soQLCpU=,5bYMzOmQFAoGpg5aRF/N2plK1E4=
-3,-21,9LuEC7FYIce2jAh2kek2soQLCpU=,5bYMzOmQFAoGpg5aRF/N2plK1E4=
-3,-23,9LuEC7FYIce2jAh2kek2soQLCpU=,5bYMzOmQFAoGpg5aRF/N2plK1E4=
-6,-20,9LuEC7FYIce2jAh2kek2soQLCpU=,5bYMzOmQFAoGpg5aRF/N2plK1E4=
-2,-21,9LuEC7FYIce2jAh2kek2soQLCpU=,5bYMzOmQFAoGpg5aRF/N2plK1E4=
-4,-21,9LuEC7FYIce2jAh2kek2soQLCpU=,5bYMzOmQFAoGpg5aRF/N2plK1E4=
-6,-22,9LuEC7FYIce2jAh2kek2soQLCpU=,5bYMzOmQFAoGpg5aRF/N2plK1E4=
-7,-19,9LuEC7FYIce2jAh2kek2soQLCpU=,5bYMzOmQFAoGpg5aRF/N2plK1E4=
-9,-21,9LuEC7FYIce2jAh2kek2soQLCpU=,oU88GOoQMY4X7zuCqINDZnlUti0=
-6,-19,9LuEC7FYIce2jAh2kek2soQLCpU=,5bYMzOmQFAoGpg5aRF/N2plK1E4=
-7,-20,9LuEC7FYIce2jAh2kek2soQLCpU=,5bYMzOmQFAoGpg5aRF/N2plK1E4=
-4,-23,9LuEC7FYIce2jAh2kek2soQLCpU=,5bYMzOmQFAoGpg5aRF/N2plK1E4=
-9,-20,9LuEC7FYIce2jAh2kek2soQLCpU=,oU88GOoQMY4X7zuCqINDZnlUti0=
-16,-32,9LuEC7FYIce2jAh2kek2soQLCpU=,SU6NpsogSFyrRFVOLkj2ESWEk5o=
-15,-32,9LuEC7FYIce2jAh2kek2soQLCpU=,SU6NpsogSFyrRFVOLkj2ESWEk5o=
-14,-32,9LuEC7FYIce2jAh2kek2soQLCpU=,SU6NpsogSFyrRFVOLkj2ESWEk5o=
-13,-32,9LuEC7FYIce2jAh2kek2soQLCpU=,SU6NpsogSFyrRFVOLkj2ESWEk5o=
-12,-32,9LuEC7FYIce2jAh2kek2soQLCpU=,SU6NpsogSFyrRFVOLkj2ESWEk5o=
-5,-21,9LuEC7FYIce2jAh2kek2soQLCpU=,5bYMzOmQFAoGpg5aRF/N2plK1E4=
-6,-21,9LuEC7FYIce2jAh2kek2soQLCpU=,5bYMzOmQFAoGpg5aRF/N2plK1E4=
-11,-32,9LuEC7FYIce2jAh2kek2soQLCpU=,SU6NpsogSFyrRFVOLkj2ESWEk5o=
-10,-32,9LuEC7FYIce2jAh2kek2soQLCpU=,SU6NpsogSFyrRFVOLkj2ESWEk5o=
-1,-17,9LuEC7FYIce2jAh2kek2soQLCpU=,5bYMzOmQFAoGpg5aRF/N2plK1E4=
-16,-17,9LuEC7FYIce2jAh2kek2soQLCpU=,oU88GOoQMY4X7zuCqINDZnlUti0=
-2,-26,9LuEC7FYIce2jAh2kek2soQLCpU=,/kEHslXEH6SPZe/hJePgp02OKlE=
-9,-28,9LuEC7FYIce2jAh2kek2soQLCpU=,SU6NpsogSFyrRFVOLkj2ESWEk5o=
-3,-26,9LuEC7FYIce2jAh2kek2soQLCpU=,/kEHslXEH6SPZe/hJePgp02OKlE=
-1,-26,9LuEC7FYIce2jAh2kek2soQLCpU=,/kEHslXEH6SPZe/hJePgp02OKlE=
-8,-25,9LuEC7FYIce2jAh2kek2soQLCpU=,/kEHslXEH6SPZe/hJePgp02OKlE=
-9,-29,9LuEC7FYIce2jAh2kek2soQLCpU=,SU6NpsogSFyrRFVOLkj2ESWEk5o=
-9,-27,9LuEC7FYIce2jAh2kek2soQLCpU=,SU6NpsogSFyrRFVOLkj2ESWEk5o=
-5,-24,9LuEC7FYIce2jAh2kek2soQLCpU=,5bYMzOmQFAoGpg5aRF/N2plK1E4=
-7,-25,9LuEC7FYIce2jAh2kek2soQLCpU=,/kEHslXEH6SPZe/hJePgp02OKlE=
-4,-26,9LuEC7FYIce2jAh2kek2soQLCpU=,/kEHslXEH6SPZe/hJePgp02OKlE=
-7,-24,9LuEC7FYIce2jAh2kek2soQLCpU=,5bYMzOmQFAoGpg5aRF/N2plK1E4=
-6,-25,9LuEC7FYIce2jAh2kek2soQLCpU=,/kEHslXEH6SPZe/hJePgp02OKlE=
-5,-25,9LuEC7FYIce2jAh2kek2soQLCpU=,/kEHslXEH6SPZe/hJePgp02OKlE=
-2,-27,9LuEC7FYIce2jAh2kek2soQLCpU=,/kEHslXEH6SPZe/hJePgp02OKlE=
-1,-27,9LuEC7FYIce2jAh2kek2soQLCpU=,/kEHslXEH6SPZe/hJePgp02OKlE=
-9,-24,9LuEC7FYIce2jAh2kek2soQLCpU=,oU88GOoQMY4X7zuCqINDZnlUti0=
-5,-26,9LuEC7FYIce2jAh2kek2soQLCpU=,/kEHslXEH6SPZe/hJePgp02OKlE=
-1,-24,9LuEC7FYIce2jAh2kek2soQLCpU=,5bYMzOmQFAoGpg5aRF/N2plK1E4=
-2,-24,9LuEC7FYIce2jAh2kek2soQLCpU=,5bYMzOmQFAoGpg5aRF/N2plK1E4=
-8,-26,9LuEC7FYIce2jAh2kek2soQLCpU=,/kEHslXEH6SPZe/hJePgp02OKlE=
-6,-26,9LuEC7FYIce2jAh2kek2soQLCpU=,/kEHslXEH6SPZe/hJePgp02OKlE=
-3,-27,9LuEC7FYIce2jAh2kek2soQLCpU=,/kEHslXEH6SPZe/hJePgp02OKlE=
-7,-26,9LuEC7FYIce2jAh2kek2soQLCpU=,/kEHslXEH6SPZe/hJePgp02OKlE=
-4,-25,9LuEC7FYIce2jAh2kek2soQLCpU=,/kEHslXEH6SPZe/hJePgp02OKlE=
-4,-27,9LuEC7FYIce2jAh2kek2soQLCpU=,/kEHslXEH6SPZe/hJePgp02OKlE=
-5,-27,9LuEC7FYIce2jAh2kek2soQLCpU=,/kEHslXEH6SPZe/hJePgp02OKlE=
-2,-28,9LuEC7FYIce2jAh2kek2soQLCpU=,/kEHslXEH6SPZe/hJePgp02OKlE=
-1,-28,9LuEC7FYIce2jAh2kek2soQLCpU=,/kEHslXEH6SPZe/hJePgp02OKlE=
-9,-30,9LuEC7FYIce2jAh2kek2soQLCpU=,SU6NpsogSFyrRFVOLkj2ESWEk5o=
-6,-27,9LuEC7FYIce2jAh2kek2soQLCpU=,/kEHslXEH6SPZe/hJePgp02OKlE=
-9,-31,9LuEC7FYIce2jAh2kek2soQLCpU=,SU6NpsogSFyrRFVOLkj2ESWEk5o=
-3,-28,9LuEC7FYIce2jAh2kek2soQLCpU=,/kEHslXEH6SPZe/hJePgp02OKlE=
-8,-27,9LuEC7FYIce2jAh2kek2soQLCpU=,/kEHslXEH6SPZe/hJePgp02OKlE=
-4,-28,9LuEC7FYIce2jAh2kek2soQLCpU=,/kEHslXEH6SPZe/hJePgp02OKlE=
-7,-27,9LuEC7FYIce2jAh2kek2soQLCpU=,/kEHslXEH6SPZe/hJePgp02OKlE=
-9,-25,9LuEC7FYIce2jAh2kek2soQLCpU=,SU6NpsogSFyrRFVOLkj2ESWEk5o=
-5,-28,9LuEC7FYIce2jAh2kek2soQLCpU=,/kEHslXEH6SPZe/hJePgp02OKlE=
-8,-32,9LuEC7FYIce2jAh2kek2soQLCpU=,/kEHslXEH6SPZe/hJePgp02OKlE=
-3,-24,9LuEC7FYIce2jAh2kek2soQLCpU=,5bYMzOmQFAoGpg5aRF/N2plK1E4=
-8,-28,9LuEC7FYIce2jAh2kek2soQLCpU=,/kEHslXEH6SPZe/hJePgp02OKlE=
-2,-29,9LuEC7FYIce2jAh2kek2soQLCpU=,/kEHslXEH6SPZe/hJePgp02OKlE=
-9,-32,9LuEC7FYIce2jAh2kek2soQLCpU=,SU6NpsogSFyrRFVOLkj2ESWEk5o=
-1,-29,9LuEC7FYIce2jAh2kek2soQLCpU=,/kEHslXEH6SPZe/hJePgp02OKlE=
-7,-28,9LuEC7FYIce2jAh2kek2soQLCpU=,/kEHslXEH6SPZe/hJePgp02OKlE=
-3,-29,9LuEC7FYIce2jAh2kek2soQLCpU=,/kEHslXEH6SPZe/hJePgp02OKlE=
-3,-25,9LuEC7FYIce2jAh2kek2soQLCpU=,/kEHslXEH6SPZe/hJePgp02OKlE=
-8,-24,9LuEC7FYIce2jAh2kek2soQLCpU=,5bYMzOmQFAoGpg5aRF/N2plK1E4=
-2,-25,9LuEC7FYIce2jAh2kek2soQLCpU=,/kEHslXEH6SPZe/hJePgp02OKlE=
-6,-24,9LuEC7FYIce2jAh2kek2soQLCpU=,5bYMzOmQFAoGpg5aRF/N2plK1E4=
-4,-29,9LuEC7FYIce2jAh2kek2soQLCpU=,/kEHslXEH6SPZe/hJePgp02OKlE=
-1,-25,9LuEC7FYIce2jAh2kek2soQLCpU=,/kEHslXEH6SPZe/hJePgp02OKlE=
-9,-26,9LuEC7FYIce2jAh2kek2soQLCpU=,SU6NpsogSFyrRFVOLkj2ESWEk5o=
-8,-29,9LuEC7FYIce2jAh2kek2soQLCpU=,/kEHslXEH6SPZe/hJePgp02OKlE=
-4,-30,9LuEC7FYIce2jAh2kek2soQLCpU=,/kEHslXEH6SPZe/hJePgp02OKlE=
-5,-29,9LuEC7FYIce2jAh2kek2soQLCpU=,/kEHslXEH6SPZe/hJePgp02OKlE=
-2,-30,9LuEC7FYIce2jAh2kek2soQLCpU=,/kEHslXEH6SPZe/hJePgp02OKlE=
-6,-29,9LuEC7FYIce2jAh2kek2soQLCpU=,/kEHslXEH6SPZe/hJePgp02OKlE=
-7,-29,9LuEC7FYIce2jAh2kek2soQLCpU=,/kEHslXEH6SPZe/hJePgp02OKlE=
-1,-30,9LuEC7FYIce2jAh2kek2soQLCpU=,/kEHslXEH6SPZe/hJePgp02OKlE=
-6,-28,9LuEC7FYIce2jAh2kek2soQLCpU=,/kEHslXEH6SPZe/hJePgp02OKlE=
-7,-32,9LuEC7FYIce2jAh2kek2soQLCpU=,/kEHslXEH6SPZe/hJePgp02OKlE=
-5,-30,9LuEC7FYIce2jAh2kek2soQLCpU=,/kEHslXEH6SPZe/hJePgp02OKlE=
-4,-31,9LuEC7FYIce2jAh2kek2soQLCpU=,/kEHslXEH6SPZe/hJePgp02OKlE=
-6,-30,9LuEC7FYIce2jAh2kek2soQLCpU=,/kEHslXEH6SPZe/hJePgp02OKlE=
-3,-30,9LuEC7FYIce2jAh2kek2soQLCpU=,/kEHslXEH6SPZe/hJePgp02OKlE=
-7,-30,9LuEC7FYIce2jAh2kek2soQLCpU=,/kEHslXEH6SPZe/hJePgp02OKlE=
-3,-31,9LuEC7FYIce2jAh2kek2soQLCpU=,/kEHslXEH6SPZe/hJePgp02OKlE=
-8,-30,9LuEC7FYIce2jAh2kek2soQLCpU=,/kEHslXEH6SPZe/hJePgp02OKlE=
-1,-31,9LuEC7FYIce2jAh2kek2soQLCpU=,/kEHslXEH6SPZe/hJePgp02OKlE=
-5,-31,9LuEC7FYIce2jAh2kek2soQLCpU=,/kEHslXEH6SPZe/hJePgp02OKlE=
-2,-31,9LuEC7FYIce2jAh2kek2soQLCpU=,/kEHslXEH6SPZe/hJePgp02OKlE=
-4,-32,9LuEC7FYIce2jAh2kek2soQLCpU=,/kEHslXEH6SPZe/hJePgp02OKlE=
-4,-24,9LuEC7FYIce2jAh2kek2soQLCpU=,5bYMzOmQFAoGpg5aRF/N2plK1E4=
-1,-32,9LuEC7FYIce2jAh2kek2soQLCpU=,/kEHslXEH6SPZe/hJePgp02OKlE=
-7,-31,9LuEC7FYIce2jAh2kek2soQLCpU=,/kEHslXEH6SPZe/hJePgp02OKlE=
-8,-31,9LuEC7FYIce2jAh2kek2soQLCpU=,/kEHslXEH6SPZe/hJePgp02OKlE=
-6,-31,9LuEC7FYIce2jAh2kek2soQLCpU=,/kEHslXEH6SPZe/hJePgp02OKlE=
-3,-32,9LuEC7FYIce2jAh2kek2soQLCpU=,/kEHslXEH6SPZe/hJePgp02OKlE=
-6,-32,9LuEC7FYIce2jAh2kek2soQLCpU=,/kEHslXEH6SPZe/hJePgp02OKlE=
-2,-32,9LuEC7FYIce2jAh2kek2soQLCpU=,/kEHslXEH6SPZe/hJePgp02OKlE=
-5,-32,9LuEC7FYIce2jAh2kek2soQLCpU=,/kEHslXEH6SPZe/hJePgp02OKlE=
-23,-31,0k5jafQN4kdb7cv14/zJi8qVZ5s=,xgcNHH8j3wKOXKkf/xHgBOVHO6w=
-18,-26,0k5jafQN4kdb7cv14/zJi8qVZ5s=,xgcNHH8j3wKOXKkf/xHgBOVHO6w=
-20,-26,cThOCX/OpfJyv/gSfhs8gmHj/jM=,xgcNHH8j3wKOXKkf/xHgBOVHO6w=
-19,-26,cThOCX/OpfJyv/gSfhs8gmHj/jM=,xgcNHH8j3wKOXKkf/xHgBOVHO6w=
-23,-26,4HRzKGVEgUDNTem0mUjXbCA1qJo=,xgcNHH8j3wKOXKkf/xHgBOVHO6w=
-21,-26,4HRzKGVEgUDNTem0mUjXbCA1qJo=,xgcNHH8j3wKOXKkf/xHgBOVHO6w=
-22,-26,4HRzKGVEgUDNTem0mUjXbCA1qJo=,xgcNHH8j3wKOXKkf/xHgBOVHO6w=
-18,-27,4HRzKGVEgUDNTem0mUjXbCA1qJo=,xgcNHH8j3wKOXKkf/xHgBOVHO6w=
-19,-27,4HRzKGVEgUDNTem0mUjXbCA1qJo=,xgcNHH8j3wKOXKkf/xHgBOVHO6w=
-21,-27,4HRzKGVEgUDNTem0mUjXbCA1qJo=,xgcNHH8j3wKOXKkf/xHgBOVHO6w=
-22,-27,4HRzKGVEgUDNTem0mUjXbCA1qJo=,xgcNHH8j3wKOXKkf/xHgBOVHO6w=
-23,-27,4HRzKGVEgUDNTem0mUjXbCA1qJo=,xgcNHH8j3wKOXKkf/xHgBOVHO6w=
-20,-27,4HRzKGVEgUDNTem0mUjXbCA1qJo=,xgcNHH8j3wKOXKkf/xHgBOVHO6w=
-18,-28,4HRzKGVEgUDNTem0mUjXbCA1qJo=,xgcNHH8j3wKOXKkf/xHgBOVHO6w=
-20,-28,4HRzKGVEgUDNTem0mUjXbCA1qJo=,xgcNHH8j3wKOXKkf/xHgBOVHO6w=
-19,-28,4HRzKGVEgUDNTem0mUjXbCA1qJo=,xgcNHH8j3wKOXKkf/xHgBOVHO6w=
-21,-28,4HRzKGVEgUDNTem0mUjXbCA1qJo=,xgcNHH8j3wKOXKkf/xHgBOVHO6w=
-22,-28,4HRzKGVEgUDNTem0mUjXbCA1qJo=,xgcNHH8j3wKOXKkf/xHgBOVHO6w=
-23,-28,4HRzKGVEgUDNTem0mUjXbCA1qJo=,xgcNHH8j3wKOXKkf/xHgBOVHO6w=
-18,-29,4HRzKGVEgUDNTem0mUjXbCA1qJo=,xgcNHH8j3wKOXKkf/xHgBOVHO6w=
-19,-29,4HRzKGVEgUDNTem0mUjXbCA1qJo=,xgcNHH8j3wKOXKkf/xHgBOVHO6w=
-20,-29,4HRzKGVEgUDNTem0mUjXbCA1qJo=,xgcNHH8j3wKOXKkf/xHgBOVHO6w=
-21,-29,4HRzKGVEgUDNTem0mUjXbCA1qJo=,xgcNHH8j3wKOXKkf/xHgBOVHO6w=
-22,-29,4HRzKGVEgUDNTem0mUjXbCA1qJo=,xgcNHH8j3wKOXKkf/xHgBOVHO6w=
-18,-30,4HRzKGVEgUDNTem0mUjXbCA1qJo=,xgcNHH8j3wKOXKkf/xHgBOVHO6w=
-23,-29,4HRzKGVEgUDNTem0mUjXbCA1qJo=,xgcNHH8j3wKOXKkf/xHgBOVHO6w=
-19,-30,4HRzKGVEgUDNTem0mUjXbCA1qJo=,xgcNHH8j3wKOXKkf/xHgBOVHO6w=
-20,-30,4HRzKGVEgUDNTem0mUjXbCA1qJo=,xgcNHH8j3wKOXKkf/xHgBOVHO6w=
-21,-30,4HRzKGVEgUDNTem0mUjXbCA1qJo=,xgcNHH8j3wKOXKkf/xHgBOVHO6w=
-22,-30,4HRzKGVEgUDNTem0mUjXbCA1qJo=,xgcNHH8j3wKOXKkf/xHgBOVHO6w=
-23,-30,4HRzKGVEgUDNTem0mUjXbCA1qJo=,xgcNHH8j3wKOXKkf/xHgBOVHO6w=
-18,-31,4HRzKGVEgUDNTem0mUjXbCA1qJo=,xgcNHH8j3wKOXKkf/xHgBOVHO6w=
-19,-31,4HRzKGVEgUDNTem0mUjXbCA1qJo=,xgcNHH8j3wKOXKkf/xHgBOVHO6w=
-20,-31,4HRzKGVEgUDNTem0mUjXbCA1qJo=,xgcNHH8j3wKOXKkf/xHgBOVHO6w=
-21,-31,4HRzKGVEgUDNTem0mUjXbCA1qJo=,xgcNHH8j3wKOXKkf/xHgBOVHO6w=
-22,-31,4HRzKGVEgUDNTem0mUjXbCA1qJo=,xgcNHH8j3wKOXKkf/xHgBOVHO6w=
-17,-31,4HRzKGVEgUDNTem0mUjXbCA1qJo=,xgcNHH8j3wKOXKkf/xHgBOVHO6w=
-17,-26,4HRzKGVEgUDNTem0mUjXbCA1qJo=,xgcNHH8j3wKOXKkf/xHgBOVHO6w=
-17,-30,4HRzKGVEgUDNTem0mUjXbCA1qJo=,xgcNHH8j3wKOXKkf/xHgBOVHO6w=
-17,-29,4HRzKGVEgUDNTem0mUjXbCA1qJo=,xgcNHH8j3wKOXKkf/xHgBOVHO6w=
-17,-28,4HRzKGVEgUDNTem0mUjXbCA1qJo=,xgcNHH8j3wKOXKkf/xHgBOVHO6w=
-17,-27,4HRzKGVEgUDNTem0mUjXbCA1qJo=,xgcNHH8j3wKOXKkf/xHgBOVHO6w=
-18,-32,4HRzKGVEgUDNTem0mUjXbCA1qJo=,xgcNHH8j3wKOXKkf/xHgBOVHO6w=
-19,-32,4HRzKGVEgUDNTem0mUjXbCA1qJo=,xgcNHH8j3wKOXKkf/xHgBOVHO6w=
-20,-32,4HRzKGVEgUDNTem0mUjXbCA1qJo=,xgcNHH8j3wKOXKkf/xHgBOVHO6w=
-21,-32,4HRzKGVEgUDNTem0mUjXbCA1qJo=,xgcNHH8j3wKOXKkf/xHgBOVHO6w=
-22,-32,4HRzKGVEgUDNTem0mUjXbCA1qJo=,xgcNHH8j3wKOXKkf/xHgBOVHO6w=
-23,-32,4HRzKGVEgUDNTem0mUjXbCA1qJo=,xgcNHH8j3wKOXKkf/xHgBOVHO6w=
-17,-32,4HRzKGVEgUDNTem0mUjXbCA1qJo=,xgcNHH8j3wKOXKkf/xHgBOVHO6w=
-28,-21,4HRzKGVEgUDNTem0mUjXbCA1qJo=,7eKp9ChAeF/PCxGq3s53O12jbs8=
-27,-21,4HRzKGVEgUDNTem0mUjXbCA1qJo=,7eKp9ChAeF/PCxGq3s53O12jbs8=
-26,-21,4HRzKGVEgUDNTem0mUjXbCA1qJo=,7eKp9ChAeF/PCxGq3s53O12jbs8=
-32,-20,4HRzKGVEgUDNTem0mUjXbCA1qJo=,7eKp9ChAeF/PCxGq3s53O12jbs8=
-31,-20,4HRzKGVEgUDNTem0mUjXbCA1qJo=,7eKp9ChAeF/PCxGq3s53O12jbs8=
-30,-20,4HRzKGVEgUDNTem0mUjXbCA1qJo=,7eKp9ChAeF/PCxGq3s53O12jbs8=
-28,-27,4HRzKGVEgUDNTem0mUjXbCA1qJo=,TWoKTwcoMdyluc8tsP41wBBBW9c=
-29,-21,4HRzKGVEgUDNTem0mUjXbCA1qJo=,7eKp9ChAeF/PCxGq3s53O12jbs8=
-27,-17,4HRzKGVEgUDNTem0mUjXbCA1qJo=,7eKp9ChAeF/PCxGq3s53O12jbs8=
-27,-27,4HRzKGVEgUDNTem0mUjXbCA1qJo=,TWoKTwcoMdyluc8tsP41wBBBW9c=
-24,-32,4HRzKGVEgUDNTem0mUjXbCA1qJo=,xgcNHH8j3wKOXKkf/xHgBOVHO6w=
-26,-17,4HRzKGVEgUDNTem0mUjXbCA1qJo=,7eKp9ChAeF/PCxGq3s53O12jbs8=
-28,-17,4HRzKGVEgUDNTem0mUjXbCA1qJo=,7eKp9ChAeF/PCxGq3s53O12jbs8=
-29,-17,4HRzKGVEgUDNTem0mUjXbCA1qJo=,7eKp9ChAeF/PCxGq3s53O12jbs8=
-27,-22,4HRzKGVEgUDNTem0mUjXbCA1qJo=,7eKp9ChAeF/PCxGq3s53O12jbs8=
-28,-22,4HRzKGVEgUDNTem0mUjXbCA1qJo=,7eKp9ChAeF/PCxGq3s53O12jbs8=
-30,-27,4HRzKGVEgUDNTem0mUjXbCA1qJo=,TWoKTwcoMdyluc8tsP41wBBBW9c=
-31,-27,4HRzKGVEgUDNTem0mUjXbCA1qJo=,TWoKTwcoMdyluc8tsP41wBBBW9c=
-29,-27,4HRzKGVEgUDNTem0mUjXbCA1qJo=,TWoKTwcoMdyluc8tsP41wBBBW9c=
-30,-17,4HRzKGVEgUDNTem0mUjXbCA1qJo=,7eKp9ChAeF/PCxGq3s53O12jbs8=
-32,-27,4HRzKGVEgUDNTem0mUjXbCA1qJo=,TWoKTwcoMdyluc8tsP41wBBBW9c=
-31,-17,4HRzKGVEgUDNTem0mUjXbCA1qJo=,7eKp9ChAeF/PCxGq3s53O12jbs8=
-25,-28,4HRzKGVEgUDNTem0mUjXbCA1qJo=,TWoKTwcoMdyluc8tsP41wBBBW9c=
-26,-22,4HRzKGVEgUDNTem0mUjXbCA1qJo=,7eKp9ChAeF/PCxGq3s53O12jbs8=
-26,-27,4HRzKGVEgUDNTem0mUjXbCA1qJo=,TWoKTwcoMdyluc8tsP41wBBBW9c=
-25,-27,4HRzKGVEgUDNTem0mUjXbCA1qJo=,TWoKTwcoMdyluc8tsP41wBBBW9c=
-32,-26,4HRzKGVEgUDNTem0mUjXbCA1qJo=,TWoKTwcoMdyluc8tsP41wBBBW9c=
-31,-26,4HRzKGVEgUDNTem0mUjXbCA1qJo=,TWoKTwcoMdyluc8tsP41wBBBW9c=
-30,-26,4HRzKGVEgUDNTem0mUjXbCA1qJo=,TWoKTwcoMdyluc8tsP41wBBBW9c=
-26,-28,4HRzKGVEgUDNTem0mUjXbCA1qJo=,TWoKTwcoMdyluc8tsP41wBBBW9c=
-32,-22,4HRzKGVEgUDNTem0mUjXbCA1qJo=,7eKp9ChAeF/PCxGq3s53O12jbs8=
-32,-17,4HRzKGVEgUDNTem0mUjXbCA1qJo=,7eKp9ChAeF/PCxGq3s53O12jbs8=
-30,-21,4HRzKGVEgUDNTem0mUjXbCA1qJo=,7eKp9ChAeF/PCxGq3s53O12jbs8=
-28,-23,4HRzKGVEgUDNTem0mUjXbCA1qJo=,7eKp9ChAeF/PCxGq3s53O12jbs8=
-27,-23,4HRzKGVEgUDNTem0mUjXbCA1qJo=,7eKp9ChAeF/PCxGq3s53O12jbs8=
-27,-28,4HRzKGVEgUDNTem0mUjXbCA1qJo=,TWoKTwcoMdyluc8tsP41wBBBW9c=
-27,-18,4HRzKGVEgUDNTem0mUjXbCA1qJo=,7eKp9ChAeF/PCxGq3s53O12jbs8=
-28,-18,4HRzKGVEgUDNTem0mUjXbCA1qJo=,7eKp9ChAeF/PCxGq3s53O12jbs8=
-29,-22,4HRzKGVEgUDNTem0mUjXbCA1qJo=,7eKp9ChAeF/PCxGq3s53O12jbs8=
-26,-18,4HRzKGVEgUDNTem0mUjXbCA1qJo=,7eKp9ChAeF/PCxGq3s53O12jbs8=
-32,-21,4HRzKGVEgUDNTem0mUjXbCA1qJo=,7eKp9ChAeF/PCxGq3s53O12jbs8=
-29,-18,4HRzKGVEgUDNTem0mUjXbCA1qJo=,7eKp9ChAeF/PCxGq3s53O12jbs8=
-29,-23,4HRzKGVEgUDNTem0mUjXbCA1qJo=,7eKp9ChAeF/PCxGq3s53O12jbs8=
-29,-26,4HRzKGVEgUDNTem0mUjXbCA1qJo=,TWoKTwcoMdyluc8tsP41wBBBW9c=
-31,-23,4HRzKGVEgUDNTem0mUjXbCA1qJo=,7eKp9ChAeF/PCxGq3s53O12jbs8=
-28,-28,4HRzKGVEgUDNTem0mUjXbCA1qJo=,TWoKTwcoMdyluc8tsP41wBBBW9c=
-30,-18,4HRzKGVEgUDNTem0mUjXbCA1qJo=,7eKp9ChAeF/PCxGq3s53O12jbs8=
-31,-18,4HRzKGVEgUDNTem0mUjXbCA1qJo=,7eKp9ChAeF/PCxGq3s53O12jbs8=
-32,-23,4HRzKGVEgUDNTem0mUjXbCA1qJo=,7eKp9ChAeF/PCxGq3s53O12jbs8=
-31,-22,4HRzKGVEgUDNTem0mUjXbCA1qJo=,7eKp9ChAeF/PCxGq3s53O12jbs8=
-26,-23,4HRzKGVEgUDNTem0mUjXbCA1qJo=,7eKp9ChAeF/PCxGq3s53O12jbs8=
-30,-23,4HRzKGVEgUDNTem0mUjXbCA1qJo=,7eKp9ChAeF/PCxGq3s53O12jbs8=
-30,-22,4HRzKGVEgUDNTem0mUjXbCA1qJo=,7eKp9ChAeF/PCxGq3s53O12jbs8=
-29,-20,4HRzKGVEgUDNTem0mUjXbCA1qJo=,7eKp9ChAeF/PCxGq3s53O12jbs8=
-32,-18,4HRzKGVEgUDNTem0mUjXbCA1qJo=,7eKp9ChAeF/PCxGq3s53O12jbs8=
-28,-20,4HRzKGVEgUDNTem0mUjXbCA1qJo=,7eKp9ChAeF/PCxGq3s53O12jbs8=
-31,-21,4HRzKGVEgUDNTem0mUjXbCA1qJo=,7eKp9ChAeF/PCxGq3s53O12jbs8=
-27,-20,4HRzKGVEgUDNTem0mUjXbCA1qJo=,7eKp9ChAeF/PCxGq3s53O12jbs8=
-26,-20,4HRzKGVEgUDNTem0mUjXbCA1qJo=,7eKp9ChAeF/PCxGq3s53O12jbs8=
-27,-19,4HRzKGVEgUDNTem0mUjXbCA1qJo=,7eKp9ChAeF/PCxGq3s53O12jbs8=
-32,-19,4HRzKGVEgUDNTem0mUjXbCA1qJo=,7eKp9ChAeF/PCxGq3s53O12jbs8=
-28,-19,4HRzKGVEgUDNTem0mUjXbCA1qJo=,7eKp9ChAeF/PCxGq3s53O12jbs8=
-29,-19,4HRzKGVEgUDNTem0mUjXbCA1qJo=,7eKp9ChAeF/PCxGq3s53O12jbs8=
-31,-19,4HRzKGVEgUDNTem0mUjXbCA1qJo=,7eKp9ChAeF/PCxGq3s53O12jbs8=
-30,-19,4HRzKGVEgUDNTem0mUjXbCA1qJo=,7eKp9ChAeF/PCxGq3s53O12jbs8=
-31,-28,4HRzKGVEgUDNTem0mUjXbCA1qJo=,TWoKTwcoMdyluc8tsP41wBBBW9c=
-32,-28,4HRzKGVEgUDNTem0mUjXbCA1qJo=,TWoKTwcoMdyluc8tsP41wBBBW9c=
-25,-29,4HRzKGVEgUDNTem0mUjXbCA1qJo=,TWoKTwcoMdyluc8tsP41wBBBW9c=
-29,-28,4HRzKGVEgUDNTem0mUjXbCA1qJo=,TWoKTwcoMdyluc8tsP41wBBBW9c=
-27,-29,4HRzKGVEgUDNTem0mUjXbCA1qJo=,TWoKTwcoMdyluc8tsP41wBBBW9c=
-26,-29,4HRzKGVEgUDNTem0mUjXbCA1qJo=,TWoKTwcoMdyluc8tsP41wBBBW9c=
-28,-29,4HRzKGVEgUDNTem0mUjXbCA1qJo=,TWoKTwcoMdyluc8tsP41wBBBW9c=
-30,-28,4HRzKGVEgUDNTem0mUjXbCA1qJo=,TWoKTwcoMdyluc8tsP41wBBBW9c=
-32,-29,4HRzKGVEgUDNTem0mUjXbCA1qJo=,TWoKTwcoMdyluc8tsP41wBBBW9c=
-25,-30,4HRzKGVEgUDNTem0mUjXbCA1qJo=,TWoKTwcoMdyluc8tsP41wBBBW9c=
-26,-30,4HRzKGVEgUDNTem0mUjXbCA1qJo=,TWoKTwcoMdyluc8tsP41wBBBW9c=
-26,-19,4HRzKGVEgUDNTem0mUjXbCA1qJo=,7eKp9ChAeF/PCxGq3s53O12jbs8=
-27,-30,4HRzKGVEgUDNTem0mUjXbCA1qJo=,TWoKTwcoMdyluc8tsP41wBBBW9c=
-31,-29,4HRzKGVEgUDNTem0mUjXbCA1qJo=,TWoKTwcoMdyluc8tsP41wBBBW9c=
-28,-26,4HRzKGVEgUDNTem0mUjXbCA1qJo=,TWoKTwcoMdyluc8tsP41wBBBW9c=
-28,-30,4HRzKGVEgUDNTem0mUjXbCA1qJo=,TWoKTwcoMdyluc8tsP41wBBBW9c=
-24,-26,4HRzKGVEgUDNTem0mUjXbCA1qJo=,xgcNHH8j3wKOXKkf/xHgBOVHO6w=
-29,-29,4HRzKGVEgUDNTem0mUjXbCA1qJo=,TWoKTwcoMdyluc8tsP41wBBBW9c=
-27,-24,4HRzKGVEgUDNTem0mUjXbCA1qJo=,7eKp9ChAeF/PCxGq3s53O12jbs8=
-26,-24,4HRzKGVEgUDNTem0mUjXbCA1qJo=,7eKp9ChAeF/PCxGq3s53O12jbs8=
-30,-29,4HRzKGVEgUDNTem0mUjXbCA1qJo=,TWoKTwcoMdyluc8tsP41wBBBW9c=
-28,-24,4HRzKGVEgUDNTem0mUjXbCA1qJo=,7eKp9ChAeF/PCxGq3s53O12jbs8=
-29,-30,4HRzKGVEgUDNTem0mUjXbCA1qJo=,TWoKTwcoMdyluc8tsP41wBBBW9c=
-29,-24,4HRzKGVEgUDNTem0mUjXbCA1qJo=,7eKp9ChAeF/PCxGq3s53O12jbs8=
-30,-24,4HRzKGVEgUDNTem0mUjXbCA1qJo=,7eKp9ChAeF/PCxGq3s53O12jbs8=
-31,-24,4HRzKGVEgUDNTem0mUjXbCA1qJo=,7eKp9ChAeF/PCxGq3s53O12jbs8=
-32,-30,4HRzKGVEgUDNTem0mUjXbCA1qJo=,TWoKTwcoMdyluc8tsP41wBBBW9c=
-25,-31,4HRzKGVEgUDNTem0mUjXbCA1qJo=,TWoKTwcoMdyluc8tsP41wBBBW9c=
-32,-24,4HRzKGVEgUDNTem0mUjXbCA1qJo=,7eKp9ChAeF/PCxGq3s53O12jbs8=
-26,-31,4HRzKGVEgUDNTem0mUjXbCA1qJo=,TWoKTwcoMdyluc8tsP41wBBBW9c=
-27,-31,4HRzKGVEgUDNTem0mUjXbCA1qJo=,TWoKTwcoMdyluc8tsP41wBBBW9c=
-27,-26,4HRzKGVEgUDNTem0mUjXbCA1qJo=,TWoKTwcoMdyluc8tsP41wBBBW9c=
-31,-30,4HRzKGVEgUDNTem0mUjXbCA1qJo=,TWoKTwcoMdyluc8tsP41wBBBW9c=
-26,-25,4HRzKGVEgUDNTem0mUjXbCA1qJo=,TWoKTwcoMdyluc8tsP41wBBBW9c=
-30,-30,4HRzKGVEgUDNTem0mUjXbCA1qJo=,TWoKTwcoMdyluc8tsP41wBBBW9c=
-28,-31,4HRzKGVEgUDNTem0mUjXbCA1qJo=,TWoKTwcoMdyluc8tsP41wBBBW9c=
-24,-27,4HRzKGVEgUDNTem0mUjXbCA1qJo=,xgcNHH8j3wKOXKkf/xHgBOVHO6w=
-29,-25,4HRzKGVEgUDNTem0mUjXbCA1qJo=,TWoKTwcoMdyluc8tsP41wBBBW9c=
-30,-25,4HRzKGVEgUDNTem0mUjXbCA1qJo=,TWoKTwcoMdyluc8tsP41wBBBW9c=
-31,-25,4HRzKGVEgUDNTem0mUjXbCA1qJo=,TWoKTwcoMdyluc8tsP41wBBBW9c=
-29,-31,4HRzKGVEgUDNTem0mUjXbCA1qJo=,TWoKTwcoMdyluc8tsP41wBBBW9c=
-24,-28,4HRzKGVEgUDNTem0mUjXbCA1qJo=,xgcNHH8j3wKOXKkf/xHgBOVHO6w=
-32,-25,4HRzKGVEgUDNTem0mUjXbCA1qJo=,TWoKTwcoMdyluc8tsP41wBBBW9c=
-26,-26,4HRzKGVEgUDNTem0mUjXbCA1qJo=,TWoKTwcoMdyluc8tsP41wBBBW9c=
-24,-31,4HRzKGVEgUDNTem0mUjXbCA1qJo=,xgcNHH8j3wKOXKkf/xHgBOVHO6w=
-24,-30,4HRzKGVEgUDNTem0mUjXbCA1qJo=,xgcNHH8j3wKOXKkf/xHgBOVHO6w=
-30,-31,4HRzKGVEgUDNTem0mUjXbCA1qJo=,TWoKTwcoMdyluc8tsP41wBBBW9c=
-25,-32,4HRzKGVEgUDNTem0mUjXbCA1qJo=,TWoKTwcoMdyluc8tsP41wBBBW9c=
-26,-32,4HRzKGVEgUDNTem0mUjXbCA1qJo=,TWoKTwcoMdyluc8tsP41wBBBW9c=
-27,-32,4HRzKGVEgUDNTem0mUjXbCA1qJo=,TWoKTwcoMdyluc8tsP41wBBBW9c=
-28,-32,4HRzKGVEgUDNTem0mUjXbCA1qJo=,TWoKTwcoMdyluc8tsP41wBBBW9c=
-29,-32,4HRzKGVEgUDNTem0mUjXbCA1qJo=,TWoKTwcoMdyluc8tsP41wBBBW9c=
-30,-32,4HRzKGVEgUDNTem0mUjXbCA1qJo=,TWoKTwcoMdyluc8tsP41wBBBW9c=
-28,-25,4HRzKGVEgUDNTem0mUjXbCA1qJo=,TWoKTwcoMdyluc8tsP41wBBBW9c=
-24,-29,4HRzKGVEgUDNTem0mUjXbCA1qJo=,xgcNHH8j3wKOXKkf/xHgBOVHO6w=
-27,-25,4HRzKGVEgUDNTem0mUjXbCA1qJo=,TWoKTwcoMdyluc8tsP41wBBBW9c=
-31,-32,4HRzKGVEgUDNTem0mUjXbCA1qJo=,TWoKTwcoMdyluc8tsP41wBBBW9c=
-32,-32,4HRzKGVEgUDNTem0mUjXbCA1qJo=,TWoKTwcoMdyluc8tsP41wBBBW9c=
-31,-31,4HRzKGVEgUDNTem0mUjXbCA1qJo=,TWoKTwcoMdyluc8tsP41wBBBW9c=
-25,-26,4HRzKGVEgUDNTem0mUjXbCA1qJo=,TWoKTwcoMdyluc8tsP41wBBBW9c=
-32,-31,4HRzKGVEgUDNTem0mUjXbCA1qJo=,TWoKTwcoMdyluc8tsP41wBBBW9c=
-21,-25,4HRzKGVEgUDNTem0mUjXbCA1qJo=,xgcNHH8j3wKOXKkf/xHgBOVHO6w=
-22,-25,4HRzKGVEgUDNTem0mUjXbCA1qJo=,xgcNHH8j3wKOXKkf/xHgBOVHO6w=
-23,-25,4HRzKGVEgUDNTem0mUjXbCA1qJo=,xgcNHH8j3wKOXKkf/xHgBOVHO6w=
-24,-25,4HRzKGVEgUDNTem0mUjXbCA1qJo=,xgcNHH8j3wKOXKkf/xHgBOVHO6w=
-17,-19,4HRzKGVEgUDNTem0mUjXbCA1qJo=,O3/RAF6bl1uzAaR4W7iLTYn4nNE=
-19,-18,4HRzKGVEgUDNTem0mUjXbCA1qJo=,O3/RAF6bl1uzAaR4W7iLTYn4nNE=
-21,-21,4HRzKGVEgUDNTem0mUjXbCA1qJo=,O3/RAF6bl1uzAaR4W7iLTYn4nNE=
-20,-21,4HRzKGVEgUDNTem0mUjXbCA1qJo=,O3/RAF6bl1uzAaR4W7iLTYn4nNE=
-23,-17,4HRzKGVEgUDNTem0mUjXbCA1qJo=,O3/RAF6bl1uzAaR4W7iLTYn4nNE=
-17,-24,4HRzKGVEgUDNTem0mUjXbCA1qJo=,O3/RAF6bl1uzAaR4W7iLTYn4nNE=
-25,-17,4HRzKGVEgUDNTem0mUjXbCA1qJo=,7eKp9ChAeF/PCxGq3s53O12jbs8=
-18,-24,4HRzKGVEgUDNTem0mUjXbCA1qJo=,O3/RAF6bl1uzAaR4W7iLTYn4nNE=
-24,-23,4HRzKGVEgUDNTem0mUjXbCA1qJo=,O3/RAF6bl1uzAaR4W7iLTYn4nNE=
-24,-17,4HRzKGVEgUDNTem0mUjXbCA1qJo=,O3/RAF6bl1uzAaR4W7iLTYn4nNE=
-21,-17,4HRzKGVEgUDNTem0mUjXbCA1qJo=,O3/RAF6bl1uzAaR4W7iLTYn4nNE=
-22,-17,4HRzKGVEgUDNTem0mUjXbCA1qJo=,O3/RAF6bl1uzAaR4W7iLTYn4nNE=
-25,-22,4HRzKGVEgUDNTem0mUjXbCA1qJo=,7eKp9ChAeF/PCxGq3s53O12jbs8=
-23,-19,4HRzKGVEgUDNTem0mUjXbCA1qJo=,O3/RAF6bl1uzAaR4W7iLTYn4nNE=
-20,-18,4HRzKGVEgUDNTem0mUjXbCA1qJo=,O3/RAF6bl1uzAaR4W7iLTYn4nNE=
-19,-24,4HRzKGVEgUDNTem0mUjXbCA1qJo=,O3/RAF6bl1uzAaR4W7iLTYn4nNE=
-25,-18,4HRzKGVEgUDNTem0mUjXbCA1qJo=,7eKp9ChAeF/PCxGq3s53O12jbs8=
-17,-18,4HRzKGVEgUDNTem0mUjXbCA1qJo=,O3/RAF6bl1uzAaR4W7iLTYn4nNE=
-21,-20,4HRzKGVEgUDNTem0mUjXbCA1qJo=,O3/RAF6bl1uzAaR4W7iLTYn4nNE=
-20,-24,4HRzKGVEgUDNTem0mUjXbCA1qJo=,O3/RAF6bl1uzAaR4W7iLTYn4nNE=
-25,-24,4HRzKGVEgUDNTem0mUjXbCA1qJo=,7eKp9ChAeF/PCxGq3s53O12jbs8=
-21,-18,4HRzKGVEgUDNTem0mUjXbCA1qJo=,O3/RAF6bl1uzAaR4W7iLTYn4nNE=
-17,-20,4HRzKGVEgUDNTem0mUjXbCA1qJo=,O3/RAF6bl1uzAaR4W7iLTYn4nNE=
-20,-17,4HRzKGVEgUDNTem0mUjXbCA1qJo=,O3/RAF6bl1uzAaR4W7iLTYn4nNE=
-18,-18,4HRzKGVEgUDNTem0mUjXbCA1qJo=,O3/RAF6bl1uzAaR4W7iLTYn4nNE=
-25,-19,4HRzKGVEgUDNTem0mUjXbCA1qJo=,7eKp9ChAeF/PCxGq3s53O12jbs8=
-24,-19,4HRzKGVEgUDNTem0mUjXbCA1qJo=,O3/RAF6bl1uzAaR4W7iLTYn4nNE=
-25,-25,4HRzKGVEgUDNTem0mUjXbCA1qJo=,TWoKTwcoMdyluc8tsP41wBBBW9c=
-18,-20,4HRzKGVEgUDNTem0mUjXbCA1qJo=,O3/RAF6bl1uzAaR4W7iLTYn4nNE=
-25,-23,4HRzKGVEgUDNTem0mUjXbCA1qJo=,7eKp9ChAeF/PCxGq3s53O12jbs8=
-18,-19,4HRzKGVEgUDNTem0mUjXbCA1qJo=,O3/RAF6bl1uzAaR4W7iLTYn4nNE=
-22,-23,4HRzKGVEgUDNTem0mUjXbCA1qJo=,O3/RAF6bl1uzAaR4W7iLTYn4nNE=
-22,-18,4HRzKGVEgUDNTem0mUjXbCA1qJo=,O3/RAF6bl1uzAaR4W7iLTYn4nNE=
-22,-22,4HRzKGVEgUDNTem0mUjXbCA1qJo=,O3/RAF6bl1uzAaR4W7iLTYn4nNE=
-17,-23,4HRzKGVEgUDNTem0mUjXbCA1qJo=,O3/RAF6bl1uzAaR4W7iLTYn4nNE=
-19,-17,4HRzKGVEgUDNTem0mUjXbCA1qJo=,O3/RAF6bl1uzAaR4W7iLTYn4nNE=
-21,-24,4HRzKGVEgUDNTem0mUjXbCA1qJo=,O3/RAF6bl1uzAaR4W7iLTYn4nNE=
-23,-18,4HRzKGVEgUDNTem0mUjXbCA1qJo=,O3/RAF6bl1uzAaR4W7iLTYn4nNE=
-19,-19,4HRzKGVEgUDNTem0mUjXbCA1qJo=,O3/RAF6bl1uzAaR4W7iLTYn4nNE=
-21,-22,4HRzKGVEgUDNTem0mUjXbCA1qJo=,O3/RAF6bl1uzAaR4W7iLTYn4nNE=
-18,-23,4HRzKGVEgUDNTem0mUjXbCA1qJo=,O3/RAF6bl1uzAaR4W7iLTYn4nNE=
-19,-20,4HRzKGVEgUDNTem0mUjXbCA1qJo=,O3/RAF6bl1uzAaR4W7iLTYn4nNE=
-24,-22,4HRzKGVEgUDNTem0mUjXbCA1qJo=,O3/RAF6bl1uzAaR4W7iLTYn4nNE=
-19,-23,4HRzKGVEgUDNTem0mUjXbCA1qJo=,O3/RAF6bl1uzAaR4W7iLTYn4nNE=
-17,-25,4HRzKGVEgUDNTem0mUjXbCA1qJo=,xgcNHH8j3wKOXKkf/xHgBOVHO6w=
-25,-20,4HRzKGVEgUDNTem0mUjXbCA1qJo=,7eKp9ChAeF/PCxGq3s53O12jbs8=
-20,-19,4HRzKGVEgUDNTem0mUjXbCA1qJo=,O3/RAF6bl1uzAaR4W7iLTYn4nNE=
-23,-22,4HRzKGVEgUDNTem0mUjXbCA1qJo=,O3/RAF6bl1uzAaR4W7iLTYn4nNE=
-18,-25,4HRzKGVEgUDNTem0mUjXbCA1qJo=,xgcNHH8j3wKOXKkf/xHgBOVHO6w=
-17,-21,4HRzKGVEgUDNTem0mUjXbCA1qJo=,O3/RAF6bl1uzAaR4W7iLTYn4nNE=
-19,-25,4HRzKGVEgUDNTem0mUjXbCA1qJo=,xgcNHH8j3wKOXKkf/xHgBOVHO6w=
-20,-25,4HRzKGVEgUDNTem0mUjXbCA1qJo=,xgcNHH8j3wKOXKkf/xHgBOVHO6w=
-22,-20,4HRzKGVEgUDNTem0mUjXbCA1qJo=,O3/RAF6bl1uzAaR4W7iLTYn4nNE=
-22,-21,4HRzKGVEgUDNTem0mUjXbCA1qJo=,O3/RAF6bl1uzAaR4W7iLTYn4nNE=
-21,-19,4HRzKGVEgUDNTem0mUjXbCA1qJo=,O3/RAF6bl1uzAaR4W7iLTYn4nNE=
-23,-20,4HRzKGVEgUDNTem0mUjXbCA1qJo=,O3/RAF6bl1uzAaR4W7iLTYn4nNE=
-18,-17,4HRzKGVEgUDNTem0mUjXbCA1qJo=,O3/RAF6bl1uzAaR4W7iLTYn4nNE=
-20,-23,4HRzKGVEgUDNTem0mUjXbCA1qJo=,O3/RAF6bl1uzAaR4W7iLTYn4nNE=
-24,-18,4HRzKGVEgUDNTem0mUjXbCA1qJo=,O3/RAF6bl1uzAaR4W7iLTYn4nNE=
-21,-23,4HRzKGVEgUDNTem0mUjXbCA1qJo=,O3/RAF6bl1uzAaR4W7iLTYn4nNE=
-24,-20,4HRzKGVEgUDNTem0mUjXbCA1qJo=,O3/RAF6bl1uzAaR4W7iLTYn4nNE=
-23,-21,4HRzKGVEgUDNTem0mUjXbCA1qJo=,O3/RAF6bl1uzAaR4W7iLTYn4nNE=
-18,-22,4HRzKGVEgUDNTem0mUjXbCA1qJo=,O3/RAF6bl1uzAaR4W7iLTYn4nNE=
-22,-19,4HRzKGVEgUDNTem0mUjXbCA1qJo=,O3/RAF6bl1uzAaR4W7iLTYn4nNE=
-22,-24,4HRzKGVEgUDNTem0mUjXbCA1qJo=,O3/RAF6bl1uzAaR4W7iLTYn4nNE=
-25,-21,4HRzKGVEgUDNTem0mUjXbCA1qJo=,7eKp9ChAeF/PCxGq3s53O12jbs8=
-23,-23,4HRzKGVEgUDNTem0mUjXbCA1qJo=,O3/RAF6bl1uzAaR4W7iLTYn4nNE=
-17,-22,4HRzKGVEgUDNTem0mUjXbCA1qJo=,O3/RAF6bl1uzAaR4W7iLTYn4nNE=
-20,-22,4HRzKGVEgUDNTem0mUjXbCA1qJo=,O3/RAF6bl1uzAaR4W7iLTYn4nNE=
-19,-22,4HRzKGVEgUDNTem0mUjXbCA1qJo=,O3/RAF6bl1uzAaR4W7iLTYn4nNE=
-24,-24,4HRzKGVEgUDNTem0mUjXbCA1qJo=,O3/RAF6bl1uzAaR4W7iLTYn4nNE=
-24,-21,4HRzKGVEgUDNTem0mUjXbCA1qJo=,O3/RAF6bl1uzAaR4W7iLTYn4nNE=
-20,-20,4HRzKGVEgUDNTem0mUjXbCA1qJo=,O3/RAF6bl1uzAaR4W7iLTYn4nNE=
-18,-21,4HRzKGVEgUDNTem0mUjXbCA1qJo=,O3/RAF6bl1uzAaR4W7iLTYn4nNE=
-17,-17,4HRzKGVEgUDNTem0mUjXbCA1qJo=,O3/RAF6bl1uzAaR4W7iLTYn4nNE=
-19,-21,4HRzKGVEgUDNTem0mUjXbCA1qJo=,O3/RAF6bl1uzAaR4W7iLTYn4nNE=
-23,-24,4HRzKGVEgUDNTem0mUjXbCA1qJo=,O3/RAF6bl1uzAaR4W7iLTYn4nNE=
-28,-11,eMPxSz/W9voC/i3WXsmAG+8+bmk=,IKHoaDl1bmjlFhf5mv3u15ZKSsw=
-29,-11,j94ACIRpFJk0qY/zMoU9uCGPRSQ=,IKHoaDl1bmjlFhf5mv3u15ZKSsw=
-30,-11,j94ACIRpFJk0qY/zMoU9uCGPRSQ=,IKHoaDl1bmjlFhf5mv3u15ZKSsw=
-31,-11,uOd1M+/M0sLzbRmngXRoUO/38Pc=,IKHoaDl1bmjlFhf5mv3u15ZKSsw=
-27,-12,uOd1M+/M0sLzbRmngXRoUO/38Pc=,IKHoaDl1bmjlFhf5mv3u15ZKSsw=
-29,-12,E4NVcNFRwPwzlawgexjFanK0ekg=,IKHoaDl1bmjlFhf5mv3u15ZKSsw=
-28,-12,E4NVcNFRwPwzlawgexjFanK0ekg=,IKHoaDl1bmjlFhf5mv3u15ZKSsw=
-27,-13,E4NVcNFRwPwzlawgexjFanK0ekg=,IKHoaDl1bmjlFhf5mv3u15ZKSsw=
-31,-12,E4NVcNFRwPwzlawgexjFanK0ekg=,IKHoaDl1bmjlFhf5mv3u15ZKSsw=
-30,-12,E4NVcNFRwPwzlawgexjFanK0ekg=,IKHoaDl1bmjlFhf5mv3u15ZKSsw=
-30,-13,E4NVcNFRwPwzlawgexjFanK0ekg=,IKHoaDl1bmjlFhf5mv3u15ZKSsw=
-31,-13,E4NVcNFRwPwzlawgexjFanK0ekg=,IKHoaDl1bmjlFhf5mv3u15ZKSsw=
-29,-13,E4NVcNFRwPwzlawgexjFanK0ekg=,IKHoaDl1bmjlFhf5mv3u15ZKSsw=
-28,-13,E4NVcNFRwPwzlawgexjFanK0ekg=,IKHoaDl1bmjlFhf5mv3u15ZKSsw=
-27,-14,E4NVcNFRwPwzlawgexjFanK0ekg=,IKHoaDl1bmjlFhf5mv3u15ZKSsw=
-29,-14,E4NVcNFRwPwzlawgexjFanK0ekg=,IKHoaDl1bmjlFhf5mv3u15ZKSsw=
-30,-14,E4NVcNFRwPwzlawgexjFanK0ekg=,IKHoaDl1bmjlFhf5mv3u15ZKSsw=
-26,-12,E4NVcNFRwPwzlawgexjFanK0ekg=,IKHoaDl1bmjlFhf5mv3u15ZKSsw=
-31,-14,E4NVcNFRwPwzlawgexjFanK0ekg=,IKHoaDl1bmjlFhf5mv3u15ZKSsw=
-27,-15,E4NVcNFRwPwzlawgexjFanK0ekg=,IKHoaDl1bmjlFhf5mv3u15ZKSsw=
-28,-14,E4NVcNFRwPwzlawgexjFanK0ekg=,IKHoaDl1bmjlFhf5mv3u15ZKSsw=
-28,-15,E4NVcNFRwPwzlawgexjFanK0ekg=,IKHoaDl1bmjlFhf5mv3u15ZKSsw=
-29,-15,E4NVcNFRwPwzlawgexjFanK0ekg=,IKHoaDl1bmjlFhf5mv3u15ZKSsw=
-30,-15,E4NVcNFRwPwzlawgexjFanK0ekg=,IKHoaDl1bmjlFhf5mv3u15ZKSsw=
-26,-13,E4NVcNFRwPwzlawgexjFanK0ekg=,IKHoaDl1bmjlFhf5mv3u15ZKSsw=
-31,-15,E4NVcNFRwPwzlawgexjFanK0ekg=,IKHoaDl1bmjlFhf5mv3u15ZKSsw=
-26,-15,E4NVcNFRwPwzlawgexjFanK0ekg=,IKHoaDl1bmjlFhf5mv3u15ZKSsw=
-26,-14,E4NVcNFRwPwzlawgexjFanK0ekg=,IKHoaDl1bmjlFhf5mv3u15ZKSsw=
-28,-10,E4NVcNFRwPwzlawgexjFanK0ekg=,IKHoaDl1bmjlFhf5mv3u15ZKSsw=
-29,-10,E4NVcNFRwPwzlawgexjFanK0ekg=,IKHoaDl1bmjlFhf5mv3u15ZKSsw=
-30,-10,E4NVcNFRwPwzlawgexjFanK0ekg=,IKHoaDl1bmjlFhf5mv3u15ZKSsw=
-27,-10,E4NVcNFRwPwzlawgexjFanK0ekg=,IKHoaDl1bmjlFhf5mv3u15ZKSsw=
-27,-11,E4NVcNFRwPwzlawgexjFanK0ekg=,IKHoaDl1bmjlFhf5mv3u15ZKSsw=
-31,-10,E4NVcNFRwPwzlawgexjFanK0ekg=,IKHoaDl1bmjlFhf5mv3u15ZKSsw=
-26,-10,E4NVcNFRwPwzlawgexjFanK0ekg=,IKHoaDl1bmjlFhf5mv3u15ZKSsw=
-26,-11,E4NVcNFRwPwzlawgexjFanK0ekg=,IKHoaDl1bmjlFhf5mv3u15ZKSsw=
-26,-1,E4NVcNFRwPwzlawgexjFanK0ekg=,pcWdA2p3KXZA992d//62Pr26Zy4=
-30,-5,E4NVcNFRwPwzlawgexjFanK0ekg=,pcWdA2p3KXZA992d//62Pr26Zy4=
-31,-5,E4NVcNFRwPwzlawgexjFanK0ekg=,pcWdA2p3KXZA992d//62Pr26Zy4=
-29,-5,E4NVcNFRwPwzlawgexjFanK0ekg=,pcWdA2p3KXZA992d//62Pr26Zy4=
-27,-1,E4NVcNFRwPwzlawgexjFanK0ekg=,pcWdA2p3KXZA992d//62Pr26Zy4=
-27,-6,E4NVcNFRwPwzlawgexjFanK0ekg=,pcWdA2p3KXZA992d//62Pr26Zy4=
-30,-6,E4NVcNFRwPwzlawgexjFanK0ekg=,pcWdA2p3KXZA992d//62Pr26Zy4=
-31,-6,E4NVcNFRwPwzlawgexjFanK0ekg=,pcWdA2p3KXZA992d//62Pr26Zy4=
-28,-5,E4NVcNFRwPwzlawgexjFanK0ekg=,pcWdA2p3KXZA992d//62Pr26Zy4=
-28,-6,E4NVcNFRwPwzlawgexjFanK0ekg=,pcWdA2p3KXZA992d//62Pr26Zy4=
-28,-1,E4NVcNFRwPwzlawgexjFanK0ekg=,pcWdA2p3KXZA992d//62Pr26Zy4=
-29,-6,E4NVcNFRwPwzlawgexjFanK0ekg=,pcWdA2p3KXZA992d//62Pr26Zy4=
-29,-7,E4NVcNFRwPwzlawgexjFanK0ekg=,pcWdA2p3KXZA992d//62Pr26Zy4=
-30,-7,E4NVcNFRwPwzlawgexjFanK0ekg=,pcWdA2p3KXZA992d//62Pr26Zy4=
-31,-7,E4NVcNFRwPwzlawgexjFanK0ekg=,pcWdA2p3KXZA992d//62Pr26Zy4=
-27,-7,E4NVcNFRwPwzlawgexjFanK0ekg=,pcWdA2p3KXZA992d//62Pr26Zy4=
-28,-7,E4NVcNFRwPwzlawgexjFanK0ekg=,pcWdA2p3KXZA992d//62Pr26Zy4=
-26,-6,E4NVcNFRwPwzlawgexjFanK0ekg=,pcWdA2p3KXZA992d//62Pr26Zy4=
-31,-1,E4NVcNFRwPwzlawgexjFanK0ekg=,pcWdA2p3KXZA992d//62Pr26Zy4=
-31,-8,E4NVcNFRwPwzlawgexjFanK0ekg=,pcWdA2p3KXZA992d//62Pr26Zy4=
-26,-2,E4NVcNFRwPwzlawgexjFanK0ekg=,pcWdA2p3KXZA992d//62Pr26Zy4=
-29,-1,E4NVcNFRwPwzlawgexjFanK0ekg=,pcWdA2p3KXZA992d//62Pr26Zy4=
-30,-8,E4NVcNFRwPwzlawgexjFanK0ekg=,pcWdA2p3KXZA992d//62Pr26Zy4=
-27,-2,E4NVcNFRwPwzlawgexjFanK0ekg=,pcWdA2p3KXZA992d//62Pr26Zy4=
-28,-2,E4NVcNFRwPwzlawgexjFanK0ekg=,pcWdA2p3KXZA992d//62Pr26Zy4=
-29,-8,E4NVcNFRwPwzlawgexjFanK0ekg=,pcWdA2p3KXZA992d//62Pr26Zy4=
-30,-1,E4NVcNFRwPwzlawgexjFanK0ekg=,pcWdA2p3KXZA992d//62Pr26Zy4=
-27,-5,E4NVcNFRwPwzlawgexjFanK0ekg=,pcWdA2p3KXZA992d//62Pr26Zy4=
-28,-8,E4NVcNFRwPwzlawgexjFanK0ekg=,pcWdA2p3KXZA992d//62Pr26Zy4=
-29,-2,E4NVcNFRwPwzlawgexjFanK0ekg=,pcWdA2p3KXZA992d//62Pr26Zy4=
-26,-7,E4NVcNFRwPwzlawgexjFanK0ekg=,pcWdA2p3KXZA992d//62Pr26Zy4=
-27,-9,E4NVcNFRwPwzlawgexjFanK0ekg=,IKHoaDl1bmjlFhf5mv3u15ZKSsw=
-26,-3,E4NVcNFRwPwzlawgexjFanK0ekg=,pcWdA2p3KXZA992d//62Pr26Zy4=
-27,-3,E4NVcNFRwPwzlawgexjFanK0ekg=,pcWdA2p3KXZA992d//62Pr26Zy4=
-27,-8,E4NVcNFRwPwzlawgexjFanK0ekg=,pcWdA2p3KXZA992d//62Pr26Zy4=
-28,-3,E4NVcNFRwPwzlawgexjFanK0ekg=,pcWdA2p3KXZA992d//62Pr26Zy4=
-29,-9,E4NVcNFRwPwzlawgexjFanK0ekg=,IKHoaDl1bmjlFhf5mv3u15ZKSsw=
-30,-2,E4NVcNFRwPwzlawgexjFanK0ekg=,pcWdA2p3KXZA992d//62Pr26Zy4=
-26,-9,E4NVcNFRwPwzlawgexjFanK0ekg=,IKHoaDl1bmjlFhf5mv3u15ZKSsw=
-26,-8,E4NVcNFRwPwzlawgexjFanK0ekg=,pcWdA2p3KXZA992d//62Pr26Zy4=
-27,-4,E4NVcNFRwPwzlawgexjFanK0ekg=,pcWdA2p3KXZA992d//62Pr26Zy4=
-28,-9,E4NVcNFRwPwzlawgexjFanK0ekg=,IKHoaDl1bmjlFhf5mv3u15ZKSsw=
-31,-2,E4NVcNFRwPwzlawgexjFanK0ekg=,pcWdA2p3KXZA992d//62Pr26Zy4=
-26,-4,E4NVcNFRwPwzlawgexjFanK0ekg=,pcWdA2p3KXZA992d//62Pr26Zy4=
-26,-5,E4NVcNFRwPwzlawgexjFanK0ekg=,pcWdA2p3KXZA992d//62Pr26Zy4=
-30,-9,E4NVcNFRwPwzlawgexjFanK0ekg=,IKHoaDl1bmjlFhf5mv3u15ZKSsw=
-28,-4,E4NVcNFRwPwzlawgexjFanK0ekg=,pcWdA2p3KXZA992d//62Pr26Zy4=
-31,-4,E4NVcNFRwPwzlawgexjFanK0ekg=,pcWdA2p3KXZA992d//62Pr26Zy4=
-31,-9,E4NVcNFRwPwzlawgexjFanK0ekg=,IKHoaDl1bmjlFhf5mv3u15ZKSsw=
-29,-3,E4NVcNFRwPwzlawgexjFanK0ekg=,pcWdA2p3KXZA992d//62Pr26Zy4=
-29,-4,E4NVcNFRwPwzlawgexjFanK0ekg=,pcWdA2p3KXZA992d//62Pr26Zy4=
-30,-4,E4NVcNFRwPwzlawgexjFanK0ekg=,pcWdA2p3KXZA992d//62Pr26Zy4=
-30,-3,E4NVcNFRwPwzlawgexjFanK0ekg=,pcWdA2p3KXZA992d//62Pr26Zy4=
-32,-4,E4NVcNFRwPwzlawgexjFanK0ekg=,pcWdA2p3KXZA992d//62Pr26Zy4=
-31,-3,E4NVcNFRwPwzlawgexjFanK0ekg=,pcWdA2p3KXZA992d//62Pr26Zy4=
-32,-3,E4NVcNFRwPwzlawgexjFanK0ekg=,pcWdA2p3KXZA992d//62Pr26Zy4=
-32,-2,E4NVcNFRwPwzlawgexjFanK0ekg=,pcWdA2p3KXZA992d//62Pr26Zy4=
-32,-6,E4NVcNFRwPwzlawgexjFanK0ekg=,pcWdA2p3KXZA992d//62Pr26Zy4=
-32,-7,E4NVcNFRwPwzlawgexjFanK0ekg=,pcWdA2p3KXZA992d//62Pr26Zy4=
-32,-5,E4NVcNFRwPwzlawgexjFanK0ekg=,pcWdA2p3KXZA992d//62Pr26Zy4=
-32,-10,E4NVcNFRwPwzlawgexjFanK0ekg=,IKHoaDl1bmjlFhf5mv3u15ZKSsw=
-32,-9,E4NVcNFRwPwzlawgexjFanK0ekg=,IKHoaDl1bmjlFhf5mv3u15ZKSsw=
-32,-15,E4NVcNFRwPwzlawgexjFanK0ekg=,IKHoaDl1bmjlFhf5mv3u15ZKSsw=
-32,-14,E4NVcNFRwPwzlawgexjFanK0ekg=,IKHoaDl1bmjlFhf5mv3u15ZKSsw=
-32,-8,E4NVcNFRwPwzlawgexjFanK0ekg=,pcWdA2p3KXZA992d//62Pr26Zy4=
-32,-13,E4NVcNFRwPwzlawgexjFanK0ekg=,IKHoaDl1bmjlFhf5mv3u15ZKSsw=
-31,-16,E4NVcNFRwPwzlawgexjFanK0ekg=,IKHoaDl1bmjlFhf5mv3u15ZKSsw=
-30,-16,E4NVcNFRwPwzlawgexjFanK0ekg=,IKHoaDl1bmjlFhf5mv3u15ZKSsw=
-32,-12,E4NVcNFRwPwzlawgexjFanK0ekg=,IKHoaDl1bmjlFhf5mv3u15ZKSsw=
-29,-16,E4NVcNFRwPwzlawgexjFanK0ekg=,IKHoaDl1bmjlFhf5mv3u15ZKSsw=
-28,-16,E4NVcNFRwPwzlawgexjFanK0ekg=,IKHoaDl1bmjlFhf5mv3u15ZKSsw=
-27,-16,E4NVcNFRwPwzlawgexjFanK0ekg=,IKHoaDl1bmjlFhf5mv3u15ZKSsw=
-26,-16,E4NVcNFRwPwzlawgexjFanK0ekg=,IKHoaDl1bmjlFhf5mv3u15ZKSsw=
-32,-16,E4NVcNFRwPwzlawgexjFanK0ekg=,IKHoaDl1bmjlFhf5mv3u15ZKSsw=
-32,-1,E4NVcNFRwPwzlawgexjFanK0ekg=,pcWdA2p3KXZA992d//62Pr26Zy4=
-32,-11,E4NVcNFRwPwzlawgexjFanK0ekg=,IKHoaDl1bmjlFhf5mv3u15ZKSsw=
-24,-2,E4NVcNFRwPwzlawgexjFanK0ekg=,ugK6Vh+tyCbM1WkXfGnvOB2dy3Q=
-23,-2,E4NVcNFRwPwzlawgexjFanK0ekg=,ugK6Vh+tyCbM1WkXfGnvOB2dy3Q=
-22,-2,E4NVcNFRwPwzlawgexjFanK0ekg=,ugK6Vh+tyCbM1WkXfGnvOB2dy3Q=
-25,-1,E4NVcNFRwPwzlawgexjFanK0ekg=,pcWdA2p3KXZA992d//62Pr26Zy4=
-21,-1,E4NVcNFRwPwzlawgexjFanK0ekg=,ugK6Vh+tyCbM1WkXfGnvOB2dy3Q=
-19,-2,E4NVcNFRwPwzlawgexjFanK0ekg=,ugK6Vh+tyCbM1WkXfGnvOB2dy3Q=
-21,-2,E4NVcNFRwPwzlawgexjFanK0ekg=,ugK6Vh+tyCbM1WkXfGnvOB2dy3Q=
-23,-3,E4NVcNFRwPwzlawgexjFanK0ekg=,ugK6Vh+tyCbM1WkXfGnvOB2dy3Q=
-20,-1,E4NVcNFRwPwzlawgexjFanK0ekg=,ugK6Vh+tyCbM1WkXfGnvOB2dy3Q=
-24,-3,E4NVcNFRwPwzlawgexjFanK0ekg=,ugK6Vh+tyCbM1WkXfGnvOB2dy3Q=
-20,-2,E4NVcNFRwPwzlawgexjFanK0ekg=,ugK6Vh+tyCbM1WkXfGnvOB2dy3Q=
-17,-3,E4NVcNFRwPwzlawgexjFanK0ekg=,ugK6Vh+tyCbM1WkXfGnvOB2dy3Q=
-23,-4,E4NVcNFRwPwzlawgexjFanK0ekg=,ugK6Vh+tyCbM1WkXfGnvOB2dy3Q=
-20,-4,E4NVcNFRwPwzlawgexjFanK0ekg=,ugK6Vh+tyCbM1WkXfGnvOB2dy3Q=
-22,-1,E4NVcNFRwPwzlawgexjFanK0ekg=,ugK6Vh+tyCbM1WkXfGnvOB2dy3Q=
-19,-4,E4NVcNFRwPwzlawgexjFanK0ekg=,ugK6Vh+tyCbM1WkXfGnvOB2dy3Q=
-21,-4,E4NVcNFRwPwzlawgexjFanK0ekg=,ugK6Vh+tyCbM1WkXfGnvOB2dy3Q=
-22,-4,E4NVcNFRwPwzlawgexjFanK0ekg=,ugK6Vh+tyCbM1WkXfGnvOB2dy3Q=
-24,-4,E4NVcNFRwPwzlawgexjFanK0ekg=,ugK6Vh+tyCbM1WkXfGnvOB2dy3Q=
-18,-3,E4NVcNFRwPwzlawgexjFanK0ekg=,ugK6Vh+tyCbM1WkXfGnvOB2dy3Q=
-18,-4,E4NVcNFRwPwzlawgexjFanK0ekg=,ugK6Vh+tyCbM1WkXfGnvOB2dy3Q=
-23,-1,E4NVcNFRwPwzlawgexjFanK0ekg=,ugK6Vh+tyCbM1WkXfGnvOB2dy3Q=
-17,-4,E4NVcNFRwPwzlawgexjFanK0ekg=,ugK6Vh+tyCbM1WkXfGnvOB2dy3Q=
-19,-1,E4NVcNFRwPwzlawgexjFanK0ekg=,ugK6Vh+tyCbM1WkXfGnvOB2dy3Q=
-21,-6,E4NVcNFRwPwzlawgexjFanK0ekg=,ugK6Vh+tyCbM1WkXfGnvOB2dy3Q=
-25,-6,E4NVcNFRwPwzlawgexjFanK0ekg=,pcWdA2p3KXZA992d//62Pr26Zy4=
-22,-6,E4NVcNFRwPwzlawgexjFanK0ekg=,ugK6Vh+tyCbM1WkXfGnvOB2dy3Q=
-23,-6,E4NVcNFRwPwzlawgexjFanK0ekg=,ugK6Vh+tyCbM1WkXfGnvOB2dy3Q=
-18,-2,E4NVcNFRwPwzlawgexjFanK0ekg=,ugK6Vh+tyCbM1WkXfGnvOB2dy3Q=
-17,-5,E4NVcNFRwPwzlawgexjFanK0ekg=,ugK6Vh+tyCbM1WkXfGnvOB2dy3Q=
-25,-7,E4NVcNFRwPwzlawgexjFanK0ekg=,pcWdA2p3KXZA992d//62Pr26Zy4=
-25,-5,E4NVcNFRwPwzlawgexjFanK0ekg=,pcWdA2p3KXZA992d//62Pr26Zy4=
-25,-2,E4NVcNFRwPwzlawgexjFanK0ekg=,pcWdA2p3KXZA992d//62Pr26Zy4=
-24,-1,E4NVcNFRwPwzlawgexjFanK0ekg=,ugK6Vh+tyCbM1WkXfGnvOB2dy3Q=
-19,-3,E4NVcNFRwPwzlawgexjFanK0ekg=,ugK6Vh+tyCbM1WkXfGnvOB2dy3Q=
-18,-5,E4NVcNFRwPwzlawgexjFanK0ekg=,ugK6Vh+tyCbM1WkXfGnvOB2dy3Q=
-20,-3,E4NVcNFRwPwzlawgexjFanK0ekg=,ugK6Vh+tyCbM1WkXfGnvOB2dy3Q=
-25,-3,E4NVcNFRwPwzlawgexjFanK0ekg=,pcWdA2p3KXZA992d//62Pr26Zy4=
-19,-5,E4NVcNFRwPwzlawgexjFanK0ekg=,ugK6Vh+tyCbM1WkXfGnvOB2dy3Q=
-20,-5,E4NVcNFRwPwzlawgexjFanK0ekg=,ugK6Vh+tyCbM1WkXfGnvOB2dy3Q=
-24,-7,E4NVcNFRwPwzlawgexjFanK0ekg=,ugK6Vh+tyCbM1WkXfGnvOB2dy3Q=
-17,-2,E4NVcNFRwPwzlawgexjFanK0ekg=,ugK6Vh+tyCbM1WkXfGnvOB2dy3Q=
-17,-7,E4NVcNFRwPwzlawgexjFanK0ekg=,ugK6Vh+tyCbM1WkXfGnvOB2dy3Q=
-24,-6,E4NVcNFRwPwzlawgexjFanK0ekg=,ugK6Vh+tyCbM1WkXfGnvOB2dy3Q=
-18,-1,E4NVcNFRwPwzlawgexjFanK0ekg=,ugK6Vh+tyCbM1WkXfGnvOB2dy3Q=
-23,-5,E4NVcNFRwPwzlawgexjFanK0ekg=,ugK6Vh+tyCbM1WkXfGnvOB2dy3Q=
-22,-5,E4NVcNFRwPwzlawgexjFanK0ekg=,ugK6Vh+tyCbM1WkXfGnvOB2dy3Q=
-21,-5,E4NVcNFRwPwzlawgexjFanK0ekg=,ugK6Vh+tyCbM1WkXfGnvOB2dy3Q=
-21,-7,E4NVcNFRwPwzlawgexjFanK0ekg=,ugK6Vh+tyCbM1WkXfGnvOB2dy3Q=
-24,-5,E4NVcNFRwPwzlawgexjFanK0ekg=,ugK6Vh+tyCbM1WkXfGnvOB2dy3Q=
-23,-7,E4NVcNFRwPwzlawgexjFanK0ekg=,ugK6Vh+tyCbM1WkXfGnvOB2dy3Q=
-18,-6,E4NVcNFRwPwzlawgexjFanK0ekg=,ugK6Vh+tyCbM1WkXfGnvOB2dy3Q=
-17,-6,E4NVcNFRwPwzlawgexjFanK0ekg=,ugK6Vh+tyCbM1WkXfGnvOB2dy3Q=
-21,-3,E4NVcNFRwPwzlawgexjFanK0ekg=,ugK6Vh+tyCbM1WkXfGnvOB2dy3Q=
-22,-3,E4NVcNFRwPwzlawgexjFanK0ekg=,ugK6Vh+tyCbM1WkXfGnvOB2dy3Q=
-19,-6,E4NVcNFRwPwzlawgexjFanK0ekg=,ugK6Vh+tyCbM1WkXfGnvOB2dy3Q=
-17,-1,E4NVcNFRwPwzlawgexjFanK0ekg=,ugK6Vh+tyCbM1WkXfGnvOB2dy3Q=
-25,-4,E4NVcNFRwPwzlawgexjFanK0ekg=,pcWdA2p3KXZA992d//62Pr26Zy4=
-20,-6,E4NVcNFRwPwzlawgexjFanK0ekg=,ugK6Vh+tyCbM1WkXfGnvOB2dy3Q=
-18,-7,E4NVcNFRwPwzlawgexjFanK0ekg=,ugK6Vh+tyCbM1WkXfGnvOB2dy3Q=
-19,-7,E4NVcNFRwPwzlawgexjFanK0ekg=,ugK6Vh+tyCbM1WkXfGnvOB2dy3Q=
-22,-7,E4NVcNFRwPwzlawgexjFanK0ekg=,ugK6Vh+tyCbM1WkXfGnvOB2dy3Q=
-20,-7,E4NVcNFRwPwzlawgexjFanK0ekg=,ugK6Vh+tyCbM1WkXfGnvOB2dy3Q=
-23,-9,E4NVcNFRwPwzlawgexjFanK0ekg=,n+6mESxPsntU05bzVwb1B1LMQcw=
-21,-9,E4NVcNFRwPwzlawgexjFanK0ekg=,n+6mESxPsntU05bzVwb1B1LMQcw=
-23,-10,E4NVcNFRwPwzlawgexjFanK0ekg=,n+6mESxPsntU05bzVwb1B1LMQcw=
-24,-10,E4NVcNFRwPwzlawgexjFanK0ekg=,n+6mESxPsntU05bzVwb1B1LMQcw=
-21,-10,E4NVcNFRwPwzlawgexjFanK0ekg=,n+6mESxPsntU05bzVwb1B1LMQcw=
-24,-9,E4NVcNFRwPwzlawgexjFanK0ekg=,n+6mESxPsntU05bzVwb1B1LMQcw=
-22,-9,E4NVcNFRwPwzlawgexjFanK0ekg=,n+6mESxPsntU05bzVwb1B1LMQcw=
-22,-10,E4NVcNFRwPwzlawgexjFanK0ekg=,n+6mESxPsntU05bzVwb1B1LMQcw=
-20,-10,E4NVcNFRwPwzlawgexjFanK0ekg=,n+6mESxPsntU05bzVwb1B1LMQcw=
-25,-12,E4NVcNFRwPwzlawgexjFanK0ekg=,IKHoaDl1bmjlFhf5mv3u15ZKSsw=
-23,-8,E4NVcNFRwPwzlawgexjFanK0ekg=,ugK6Vh+tyCbM1WkXfGnvOB2dy3Q=
-18,-10,E4NVcNFRwPwzlawgexjFanK0ekg=,n+6mESxPsntU05bzVwb1B1LMQcw=
-19,-10,E4NVcNFRwPwzlawgexjFanK0ekg=,n+6mESxPsntU05bzVwb1B1LMQcw=
-17,-10,E4NVcNFRwPwzlawgexjFanK0ekg=,n+6mESxPsntU05bzVwb1B1LMQcw=
-22,-11,E4NVcNFRwPwzlawgexjFanK0ekg=,n+6mESxPsntU05bzVwb1B1LMQcw=
-25,-13,E4NVcNFRwPwzlawgexjFanK0ekg=,IKHoaDl1bmjlFhf5mv3u15ZKSsw=
-23,-11,E4NVcNFRwPwzlawgexjFanK0ekg=,n+6mESxPsntU05bzVwb1B1LMQcw=
-21,-11,E4NVcNFRwPwzlawgexjFanK0ekg=,n+6mESxPsntU05bzVwb1B1LMQcw=
-24,-11,E4NVcNFRwPwzlawgexjFanK0ekg=,n+6mESxPsntU05bzVwb1B1LMQcw=
-20,-11,E4NVcNFRwPwzlawgexjFanK0ekg=,n+6mESxPsntU05bzVwb1B1LMQcw=
-17,-11,E4NVcNFRwPwzlawgexjFanK0ekg=,n+6mESxPsntU05bzVwb1B1LMQcw=
-21,-8,E4NVcNFRwPwzlawgexjFanK0ekg=,ugK6Vh+tyCbM1WkXfGnvOB2dy3Q=
-18,-11,E4NVcNFRwPwzlawgexjFanK0ekg=,n+6mESxPsntU05bzVwb1B1LMQcw=
-19,-11,E4NVcNFRwPwzlawgexjFanK0ekg=,n+6mESxPsntU05bzVwb1B1LMQcw=
-22,-12,E4NVcNFRwPwzlawgexjFanK0ekg=,n+6mESxPsntU05bzVwb1B1LMQcw=
-23,-12,E4NVcNFRwPwzlawgexjFanK0ekg=,n+6mESxPsntU05bzVwb1B1LMQcw=
-25,-8,E4NVcNFRwPwzlawgexjFanK0ekg=,pcWdA2p3KXZA992d//62Pr26Zy4=
-25,-9,E4NVcNFRwPwzlawgexjFanK0ekg=,IKHoaDl1bmjlFhf5mv3u15ZKSsw=
-20,-9,E4NVcNFRwPwzlawgexjFanK0ekg=,n+6mESxPsntU05bzVwb1B1LMQcw=
-24,-12,E4NVcNFRwPwzlawgexjFanK0ekg=,n+6mESxPsntU05bzVwb1B1LMQcw=
-19,-12,E4NVcNFRwPwzlawgexjFanK0ekg=,n+6mESxPsntU05bzVwb1B1LMQcw=
-25,-14,E4NVcNFRwPwzlawgexjFanK0ekg=,IKHoaDl1bmjlFhf5mv3u15ZKSsw=
-21,-12,E4NVcNFRwPwzlawgexjFanK0ekg=,n+6mESxPsntU05bzVwb1B1LMQcw=
-25,-16,E4NVcNFRwPwzlawgexjFanK0ekg=,IKHoaDl1bmjlFhf5mv3u15ZKSsw=
-17,-12,E4NVcNFRwPwzlawgexjFanK0ekg=,n+6mESxPsntU05bzVwb1B1LMQcw=
-18,-12,E4NVcNFRwPwzlawgexjFanK0ekg=,n+6mESxPsntU05bzVwb1B1LMQcw=
-25,-15,E4NVcNFRwPwzlawgexjFanK0ekg=,IKHoaDl1bmjlFhf5mv3u15ZKSsw=
-24,-13,E4NVcNFRwPwzlawgexjFanK0ekg=,n+6mESxPsntU05bzVwb1B1LMQcw=
-17,-13,E4NVcNFRwPwzlawgexjFanK0ekg=,n+6mESxPsntU05bzVwb1B1LMQcw=
-18,-13,E4NVcNFRwPwzlawgexjFanK0ekg=,n+6mESxPsntU05bzVwb1B1LMQcw=
-20,-12,E4NVcNFRwPwzlawgexjFanK0ekg=,n+6mESxPsntU05bzVwb1B1LMQcw=
-23,-13,E4NVcNFRwPwzlawgexjFanK0ekg=,n+6mESxPsntU05bzVwb1B1LMQcw=
-19,-13,E4NVcNFRwPwzlawgexjFanK0ekg=,n+6mESxPsntU05bzVwb1B1LMQcw=
-21,-13,E4NVcNFRwPwzlawgexjFanK0ekg=,n+6mESxPsntU05bzVwb1B1LMQcw=
-18,-14,E4NVcNFRwPwzlawgexjFanK0ekg=,n+6mESxPsntU05bzVwb1B1LMQcw=
-19,-9,E4NVcNFRwPwzlawgexjFanK0ekg=,n+6mESxPsntU05bzVwb1B1LMQcw=
-20,-13,E4NVcNFRwPwzlawgexjFanK0ekg=,n+6mESxPsntU05bzVwb1B1LMQcw=
-17,-14,E4NVcNFRwPwzlawgexjFanK0ekg=,n+6mESxPsntU05bzVwb1B1LMQcw=
-22,-13,E4NVcNFRwPwzlawgexjFanK0ekg=,n+6mESxPsntU05bzVwb1B1LMQcw=
-25,-10,E4NVcNFRwPwzlawgexjFanK0ekg=,IKHoaDl1bmjlFhf5mv3u15ZKSsw=
-21,-14,E4NVcNFRwPwzlawgexjFanK0ekg=,n+6mESxPsntU05bzVwb1B1LMQcw=
-19,-14,E4NVcNFRwPwzlawgexjFanK0ekg=,n+6mESxPsntU05bzVwb1B1LMQcw=
-24,-14,E4NVcNFRwPwzlawgexjFanK0ekg=,n+6mESxPsntU05bzVwb1B1LMQcw=
-20,-14,E4NVcNFRwPwzlawgexjFanK0ekg=,n+6mESxPsntU05bzVwb1B1LMQcw=
-17,-15,E4NVcNFRwPwzlawgexjFanK0ekg=,n+6mESxPsntU05bzVwb1B1LMQcw=
-23,-14,E4NVcNFRwPwzlawgexjFanK0ekg=,n+6mESxPsntU05bzVwb1B1LMQcw=
-22,-14,E4NVcNFRwPwzlawgexjFanK0ekg=,n+6mESxPsntU05bzVwb1B1LMQcw=
-20,-8,E4NVcNFRwPwzlawgexjFanK0ekg=,ugK6Vh+tyCbM1WkXfGnvOB2dy3Q=
-20,-15,E4NVcNFRwPwzlawgexjFanK0ekg=,n+6mESxPsntU05bzVwb1B1LMQcw=
-19,-15,E4NVcNFRwPwzlawgexjFanK0ekg=,n+6mESxPsntU05bzVwb1B1LMQcw=
-21,-15,E4NVcNFRwPwzlawgexjFanK0ekg=,n+6mESxPsntU05bzVwb1B1LMQcw=
-22,-15,E4NVcNFRwPwzlawgexjFanK0ekg=,n+6mESxPsntU05bzVwb1B1LMQcw=
-22,-8,E4NVcNFRwPwzlawgexjFanK0ekg=,ugK6Vh+tyCbM1WkXfGnvOB2dy3Q=
-18,-15,E4NVcNFRwPwzlawgexjFanK0ekg=,n+6mESxPsntU05bzVwb1B1LMQcw=
-17,-16,E4NVcNFRwPwzlawgexjFanK0ekg=,n+6mESxPsntU05bzVwb1B1LMQcw=
-24,-15,E4NVcNFRwPwzlawgexjFanK0ekg=,n+6mESxPsntU05bzVwb1B1LMQcw=
-23,-16,E4NVcNFRwPwzlawgexjFanK0ekg=,n+6mESxPsntU05bzVwb1B1LMQcw=
-18,-16,E4NVcNFRwPwzlawgexjFanK0ekg=,n+6mESxPsntU05bzVwb1B1LMQcw=
-19,-16,E4NVcNFRwPwzlawgexjFanK0ekg=,n+6mESxPsntU05bzVwb1B1LMQcw=
-20,-16,E4NVcNFRwPwzlawgexjFanK0ekg=,n+6mESxPsntU05bzVwb1B1LMQcw=
-25,-11,E4NVcNFRwPwzlawgexjFanK0ekg=,IKHoaDl1bmjlFhf5mv3u15ZKSsw=
-18,-9,E4NVcNFRwPwzlawgexjFanK0ekg=,n+6mESxPsntU05bzVwb1B1LMQcw=
-21,-16,E4NVcNFRwPwzlawgexjFanK0ekg=,n+6mESxPsntU05bzVwb1B1LMQcw=
-22,-16,E4NVcNFRwPwzlawgexjFanK0ekg=,n+6mESxPsntU05bzVwb1B1LMQcw=
-23,-15,E4NVcNFRwPwzlawgexjFanK0ekg=,n+6mESxPsntU05bzVwb1B1LMQcw=
-24,-16,E4NVcNFRwPwzlawgexjFanK0ekg=,n+6mESxPsntU05bzVwb1B1LMQcw=
-24,-8,E4NVcNFRwPwzlawgexjFanK0ekg=,ugK6Vh+tyCbM1WkXfGnvOB2dy3Q=
-17,-8,E4NVcNFRwPwzlawgexjFanK0ekg=,ugK6Vh+tyCbM1WkXfGnvOB2dy3Q=
-19,-8,E4NVcNFRwPwzlawgexjFanK0ekg=,ugK6Vh+tyCbM1WkXfGnvOB2dy3Q=
-17,-9,E4NVcNFRwPwzlawgexjFanK0ekg=,n+6mESxPsntU05bzVwb1B1LMQcw=
-18,-8,E4NVcNFRwPwzlawgexjFanK0ekg=,ugK6Vh+tyCbM1WkXfGnvOB2dy3Q=
