3,34,bJOKy5cv71NdbXv6GfuZMjKBnkk=,cxppI7/tsRjF3M15mVCl2JDxbl4=
4,35,bJOKy5cv71NdbXv6GfuZMjKBnkk=,cxppI7/tsRjF3M15mVCl2JDxbl4=
3,38,bJOKy5cv71NdbXv6GfuZMjKBnkk=,cxppI7/tsRjF3M15mVCl2JDxbl4=
2,34,bJOKy5cv71NdbXv6GfuZMjKBnkk=,cxppI7/tsRjF3M15mVCl2JDxbl4=
1,37,bJOKy5cv71NdbXv6GfuZMjKBnkk=,cxppI7/tsRjF3M15mVCl2JDxbl4=
7,37,bJOKy5cv71NdbXv6GfuZMjKBnkk=,cxppI7/tsRjF3M15mVCl2JDxbl4=
1,34,bJOKy5cv71NdbXv6GfuZMjKBnkk=,cxppI7/tsRjF3M15mVCl2JDxbl4=
1,36,bJOKy5cv71NdbXv6GfuZMjKBnkk=,cxppI7/tsRjF3M15mVCl2JDxbl4=
6,37,bJOKy5cv71NdbXv6GfuZMjKBnkk=,cxppI7/tsRjF3M15mVCl2JDxbl4=
0,36,bJOKy5cv71NdbXv6GfuZMjKBnkk=,cxppI7/tsRjF3M15mVCl2JDxbl4=
0,37,bJOKy5cv71NdbXv6GfuZMjKBnkk=,cxppI7/tsRjF3M15mVCl2JDxbl4=
0,34,bJOKy5cv71NdbXv6GfuZMjKBnkk=,cxppI7/tsRjF3M15mVCl2JDxbl4=
7,36,bJOKy5cv71NdbXv6GfuZMjKBnkk=,cxppI7/tsRjF3M15mVCl2JDxbl4=
2,32,bJOKy5cv71NdbXv6GfuZMjKBnkk=,cxppI7/tsRjF3M15mVCl2JDxbl4=
5,38,bJOKy5cv71NdbXv6GfuZMjKBnkk=,cxppI7/tsRjF3M15mVCl2JDxbl4=
3,35,bJOKy5cv71NdbXv6GfuZMjKBnkk=,cxppI7/tsRjF3M15mVCl2JDxbl4=
5,37,bJOKy5cv71NdbXv6GfuZMjKBnkk=,cxppI7/tsRjF3M15mVCl2JDxbl4=
4,38,bJOKy5cv71NdbXv6GfuZMjKBnkk=,cxppI7/tsRjF3M15mVCl2JDxbl4=
1,32,bJOKy5cv71NdbXv6GfuZMjKBnkk=,cxppI7/tsRjF3M15mVCl2JDxbl4=
2,35,bJOKy5cv71NdbXv6GfuZMjKBnkk=,cxppI7/tsRjF3M15mVCl2JDxbl4=
6,36,bJOKy5cv71NdbXv6GfuZMjKBnkk=,cxppI7/tsRjF3M15mVCl2JDxbl4=
3,32,bJOKy5cv71NdbXv6GfuZMjKBnkk=,cxppI7/tsRjF3M15mVCl2JDxbl4=
1,35,bJOKy5cv71NdbXv6GfuZMjKBnkk=,cxppI7/tsRjF3M15mVCl2JDxbl4=
0,35,bJOKy5cv71NdbXv6GfuZMjKBnkk=,cxppI7/tsRjF3M15mVCl2JDxbl4=
7,34,bJOKy5cv71NdbXv6GfuZMjKBnkk=,cxppI7/tsRjF3M15mVCl2JDxbl4=
6,34,bJOKy5cv71NdbXv6GfuZMjKBnkk=,cxppI7/tsRjF3M15mVCl2JDxbl4=
7,33,bJOKy5cv71NdbXv6GfuZMjKBnkk=,cxppI7/tsRjF3M15mVCl2JDxbl4=
5,36,bJOKy5cv71NdbXv6GfuZMjKBnkk=,cxppI7/tsRjF3M15mVCl2JDxbl4=
0,32,bJOKy5cv71NdbXv6GfuZMjKBnkk=,cxppI7/tsRjF3M15mVCl2JDxbl4=
5,34,bJOKy5cv71NdbXv6GfuZMjKBnkk=,cxppI7/tsRjF3M15mVCl2JDxbl4=
4,33,bJOKy5cv71NdbXv6GfuZMjKBnkk=,cxppI7/tsRjF3M15mVCl2JDxbl4=
2,36,bJOKy5cv71NdbXv6GfuZMjKBnkk=,cxppI7/tsRjF3M15mVCl2JDxbl4=
6,38,bJOKy5cv71NdbXv6GfuZMjKBnkk=,cxppI7/tsRjF3M15mVCl2JDxbl4=
0,38,bJOKy5cv71NdbXv6GfuZMjKBnkk=,cxppI7/tsRjF3M15mVCl2JDxbl4=
1,38,bJOKy5cv71NdbXv6GfuZMjKBnkk=,cxppI7/tsRjF3M15mVCl2JDxbl4=
2,38,bJOKy5cv71NdbXv6GfuZMjKBnkk=,cxppI7/tsRjF3M15mVCl2JDxbl4=
4,37,bJOKy5cv71NdbXv6GfuZMjKBnkk=,cxppI7/tsRjF3M15mVCl2JDxbl4=
1,33,bJOKy5cv71NdbXv6GfuZMjKBnkk=,cxppI7/tsRjF3M15mVCl2JDxbl4=
7,38,bJOKy5cv71NdbXv6GfuZMjKBnkk=,cxppI7/tsRjF3M15mVCl2JDxbl4=
0,33,bJOKy5cv71NdbXv6GfuZMjKBnkk=,cxppI7/tsRjF3M15mVCl2JDxbl4=
7,32,bJOKy5cv71NdbXv6GfuZMjKBnkk=,cxppI7/tsRjF3M15mVCl2JDxbl4=
7,35,bJOKy5cv71NdbXv6GfuZMjKBnkk=,cxppI7/tsRjF3M15mVCl2JDxbl4=
2,37,bJOKy5cv71NdbXv6GfuZMjKBnkk=,cxppI7/tsRjF3M15mVCl2JDxbl4=
3,37,bJOKy5cv71NdbXv6GfuZMjKBnkk=,cxppI7/tsRjF3M15mVCl2JDxbl4=
6,33,bJOKy5cv71NdbXv6GfuZMjKBnkk=,cxppI7/tsRjF3M15mVCl2JDxbl4=
6,35,bJOKy5cv71NdbXv6GfuZMjKBnkk=,cxppI7/tsRjF3M15mVCl2JDxbl4=
6,32,bJOKy5cv71NdbXv6GfuZMjKBnkk=,cxppI7/tsRjF3M15mVCl2JDxbl4=
5,32,bJOKy5cv71NdbXv6GfuZMjKBnkk=,cxppI7/tsRjF3M15mVCl2JDxbl4=
4,32,bJOKy5cv71NdbXv6GfuZMjKBnkk=,cxppI7/tsRjF3M15mVCl2JDxbl4=
4,34,bJOKy5cv71NdbXv6GfuZMjKBnkk=,cxppI7/tsRjF3M15mVCl2JDxbl4=
2,33,bJOKy5cv71NdbXv6GfuZMjKBnkk=,cxppI7/tsRjF3M15mVCl2JDxbl4=
5,35,bJOKy5cv71NdbXv6GfuZMjKBnkk=,cxppI7/tsRjF3M15mVCl2JDxbl4=
3,33,bJOKy5cv71NdbXv6GfuZMjKBnkk=,cxppI7/tsRjF3M15mVCl2JDxbl4=
5,33,bJOKy5cv71NdbXv6GfuZMjKBnkk=,cxppI7/tsRjF3M15mVCl2JDxbl4=
3,36,bJOKy5cv71NdbXv6GfuZMjKBnkk=,cxppI7/tsRjF3M15mVCl2JDxbl4=
4,36,bJOKy5cv71NdbXv6GfuZMjKBnkk=,cxppI7/tsRjF3M15mVCl2JDxbl4=
12,45,bJOKy5cv71NdbXv6GfuZMjKBnkk=,V+RcNOR6hV7Mj2GaIuvzDj6mSLE=
11,45,bJOKy5cv71NdbXv6GfuZMjKBnkk=,V+RcNOR6hV7Mj2GaIuvzDj6mSLE=
10,45,bJOKy5cv71NdbXv6GfuZMjKBnkk=,V+RcNOR6hV7Mj2GaIuvzDj6mSLE=
9,45,bJOKy5cv71NdbXv6GfuZMjKBnkk=,V+RcNOR6hV7Mj2GaIuvzDj6mSLE=
13,45,bJOKy5cv71NdbXv6GfuZMjKBnkk=,V+RcNOR6hV7Mj2GaIuvzDj6mSLE=
15,44,bJOKy5cv71NdbXv6GfuZMjKBnkk=,V+RcNOR6hV7Mj2GaIuvzDj6mSLE=
14,44,bJOKy5cv71NdbXv6GfuZMjKBnkk=,V+RcNOR6hV7Mj2GaIuvzDj6mSLE=
13,44,bJOKy5cv71NdbXv6GfuZMjKBnkk=,V+RcNOR6hV7Mj2GaIuvzDj6mSLE=
11,44,bJOKy5cv71NdbXv6GfuZMjKBnkk=,V+RcNOR6hV7Mj2GaIuvzDj6mSLE=
10,44,bJOKy5cv71NdbXv6GfuZMjKBnkk=,V+RcNOR6hV7Mj2GaIuvzDj6mSLE=
12,44,bJOKy5cv71NdbXv6GfuZMjKBnkk=,V+RcNOR6hV7Mj2GaIuvzDj6mSLE=
14,45,bJOKy5cv71NdbXv6GfuZMjKBnkk=,V+RcNOR6hV7Mj2GaIuvzDj6mSLE=
9,44,bJOKy5cv71NdbXv6GfuZMjKBnkk=,V+RcNOR6hV7Mj2GaIuvzDj6mSLE=
14,43,bJOKy5cv71NdbXv6GfuZMjKBnkk=,V+RcNOR6hV7Mj2GaIuvzDj6mSLE=
12,43,bJOKy5cv71NdbXv6GfuZMjKBnkk=,V+RcNOR6hV7Mj2GaIuvzDj6mSLE=
11,43,bJOKy5cv71NdbXv6GfuZMjKBnkk=,V+RcNOR6hV7Mj2GaIuvzDj6mSLE=
15,43,bJOKy5cv71NdbXv6GfuZMjKBnkk=,V+RcNOR6hV7Mj2GaIuvzDj6mSLE=
10,43,bJOKy5cv71NdbXv6GfuZMjKBnkk=,V+RcNOR6hV7Mj2GaIuvzDj6mSLE=
13,43,bJOKy5cv71NdbXv6GfuZMjKBnkk=,V+RcNOR6hV7Mj2GaIuvzDj6mSLE=
15,42,bJOKy5cv71NdbXv6GfuZMjKBnkk=,V+RcNOR6hV7Mj2GaIuvzDj6mSLE=
14,42,bJOKy5cv71NdbXv6GfuZMjKBnkk=,V+RcNOR6hV7Mj2GaIuvzDj6mSLE=
13,42,bJOKy5cv71NdbXv6GfuZMjKBnkk=,V+RcNOR6hV7Mj2GaIuvzDj6mSLE=
12,42,bJOKy5cv71NdbXv6GfuZMjKBnkk=,V+RcNOR6hV7Mj2GaIuvzDj6mSLE=
11,42,bJOKy5cv71NdbXv6GfuZMjKBnkk=,V+RcNOR6hV7Mj2GaIuvzDj6mSLE=
10,42,bJOKy5cv71NdbXv6GfuZMjKBnkk=,V+RcNOR6hV7Mj2GaIuvzDj6mSLE=
9,43,bJOKy5cv71NdbXv6GfuZMjKBnkk=,V+RcNOR6hV7Mj2GaIuvzDj6mSLE=
15,45,bJOKy5cv71NdbXv6GfuZMjKBnkk=,V+RcNOR6hV7Mj2GaIuvzDj6mSLE=
9,42,bJOKy5cv71NdbXv6GfuZMjKBnkk=,V+RcNOR6hV7Mj2GaIuvzDj6mSLE=
9,46,bJOKy5cv71NdbXv6GfuZMjKBnkk=,V+RcNOR6hV7Mj2GaIuvzDj6mSLE=
15,41,bJOKy5cv71NdbXv6GfuZMjKBnkk=,V+RcNOR6hV7Mj2GaIuvzDj6mSLE=
14,41,bJOKy5cv71NdbXv6GfuZMjKBnkk=,V+RcNOR6hV7Mj2GaIuvzDj6mSLE=
10,46,bJOKy5cv71NdbXv6GfuZMjKBnkk=,V+RcNOR6hV7Mj2GaIuvzDj6mSLE=
13,41,bJOKy5cv71NdbXv6GfuZMjKBnkk=,V+RcNOR6hV7Mj2GaIuvzDj6mSLE=
12,41,bJOKy5cv71NdbXv6GfuZMjKBnkk=,V+RcNOR6hV7Mj2GaIuvzDj6mSLE=
11,41,bJOKy5cv71NdbXv6GfuZMjKBnkk=,V+RcNOR6hV7Mj2GaIuvzDj6mSLE=
10,41,bJOKy5cv71NdbXv6GfuZMjKBnkk=,V+RcNOR6hV7Mj2GaIuvzDj6mSLE=
9,41,bJOKy5cv71NdbXv6GfuZMjKBnkk=,V+RcNOR6hV7Mj2GaIuvzDj6mSLE=
15,40,bJOKy5cv71NdbXv6GfuZMjKBnkk=,V+RcNOR6hV7Mj2GaIuvzDj6mSLE=
14,40,bJOKy5cv71NdbXv6GfuZMjKBnkk=,V+RcNOR6hV7Mj2GaIuvzDj6mSLE=
13,40,bJOKy5cv71NdbXv6GfuZMjKBnkk=,V+RcNOR6hV7Mj2GaIuvzDj6mSLE=
15,47,bJOKy5cv71NdbXv6GfuZMjKBnkk=,V+RcNOR6hV7Mj2GaIuvzDj6mSLE=
14,47,bJOKy5cv71NdbXv6GfuZMjKBnkk=,V+RcNOR6hV7Mj2GaIuvzDj6mSLE=
13,47,bJOKy5cv71NdbXv6GfuZMjKBnkk=,V+RcNOR6hV7Mj2GaIuvzDj6mSLE=
12,40,bJOKy5cv71NdbXv6GfuZMjKBnkk=,V+RcNOR6hV7Mj2GaIuvzDj6mSLE=
12,47,bJOKy5cv71NdbXv6GfuZMjKBnkk=,V+RcNOR6hV7Mj2GaIuvzDj6mSLE=
11,40,bJOKy5cv71NdbXv6GfuZMjKBnkk=,V+RcNOR6hV7Mj2GaIuvzDj6mSLE=
10,40,bJOKy5cv71NdbXv6GfuZMjKBnkk=,V+RcNOR6hV7Mj2GaIuvzDj6mSLE=
9,40,bJOKy5cv71NdbXv6GfuZMjKBnkk=,V+RcNOR6hV7Mj2GaIuvzDj6mSLE=
11,47,bJOKy5cv71NdbXv6GfuZMjKBnkk=,V+RcNOR6hV7Mj2GaIuvzDj6mSLE=
9,47,bJOKy5cv71NdbXv6GfuZMjKBnkk=,V+RcNOR6hV7Mj2GaIuvzDj6mSLE=
14,46,bJOKy5cv71NdbXv6GfuZMjKBnkk=,V+RcNOR6hV7Mj2GaIuvzDj6mSLE=
12,46,bJOKy5cv71NdbXv6GfuZMjKBnkk=,V+RcNOR6hV7Mj2GaIuvzDj6mSLE=
13,46,bJOKy5cv71NdbXv6GfuZMjKBnkk=,V+RcNOR6hV7Mj2GaIuvzDj6mSLE=
11,46,bJOKy5cv71NdbXv6GfuZMjKBnkk=,V+RcNOR6hV7Mj2GaIuvzDj6mSLE=
10,47,bJOKy5cv71NdbXv6GfuZMjKBnkk=,V+RcNOR6hV7Mj2GaIuvzDj6mSLE=
15,46,bJOKy5cv71NdbXv6GfuZMjKBnkk=,V+RcNOR6hV7Mj2GaIuvzDj6mSLE=
4,39,bJOKy5cv71NdbXv6GfuZMjKBnkk=,cxppI7/tsRjF3M15mVCl2JDxbl4=
5,39,bJOKy5cv71NdbXv6GfuZMjKBnkk=,cxppI7/tsRjF3M15mVCl2JDxbl4=
3,47,bJOKy5cv71NdbXv6GfuZMjKBnkk=,Q9lfzuDT1WO93CDo3tNHY9hK+oI=
2,47,bJOKy5cv71NdbXv6GfuZMjKBnkk=,Q9lfzuDT1WO93CDo3tNHY9hK+oI=
1,47,bJOKy5cv71NdbXv6GfuZMjKBnkk=,Q9lfzuDT1WO93CDo3tNHY9hK+oI=
3,39,bJOKy5cv71NdbXv6GfuZMjKBnkk=,cxppI7/tsRjF3M15mVCl2JDxbl4=
0,47,bJOKy5cv71NdbXv6GfuZMjKBnkk=,Q9lfzuDT1WO93CDo3tNHY9hK+oI=
4,47,bJOKy5cv71NdbXv6GfuZMjKBnkk=,Q9lfzuDT1WO93CDo3tNHY9hK+oI=
6,39,bJOKy5cv71NdbXv6GfuZMjKBnkk=,cxppI7/tsRjF3M15mVCl2JDxbl4=
7,46,bJOKy5cv71NdbXv6GfuZMjKBnkk=,Q9lfzuDT1WO93CDo3tNHY9hK+oI=
6,46,bJOKy5cv71NdbXv6GfuZMjKBnkk=,Q9lfzuDT1WO93CDo3tNHY9hK+oI=
5,46,bJOKy5cv71NdbXv6GfuZMjKBnkk=,Q9lfzuDT1WO93CDo3tNHY9hK+oI=
8,45,bJOKy5cv71NdbXv6GfuZMjKBnkk=,V+RcNOR6hV7Mj2GaIuvzDj6mSLE=
3,46,bJOKy5cv71NdbXv6GfuZMjKBnkk=,Q9lfzuDT1WO93CDo3tNHY9hK+oI=
2,46,bJOKy5cv71NdbXv6GfuZMjKBnkk=,Q9lfzuDT1WO93CDo3tNHY9hK+oI=
1,46,bJOKy5cv71NdbXv6GfuZMjKBnkk=,Q9lfzuDT1WO93CDo3tNHY9hK+oI=
0,46,bJOKy5cv71NdbXv6GfuZMjKBnkk=,Q9lfzuDT1WO93CDo3tNHY9hK+oI=
5,47,bJOKy5cv71NdbXv6GfuZMjKBnkk=,Q9lfzuDT1WO93CDo3tNHY9hK+oI=
4,46,bJOKy5cv71NdbXv6GfuZMjKBnkk=,Q9lfzuDT1WO93CDo3tNHY9hK+oI=
8,46,bJOKy5cv71NdbXv6GfuZMjKBnkk=,V+RcNOR6hV7Mj2GaIuvzDj6mSLE=
7,39,bJOKy5cv71NdbXv6GfuZMjKBnkk=,cxppI7/tsRjF3M15mVCl2JDxbl4=
6,47,bJOKy5cv71NdbXv6GfuZMjKBnkk=,Q9lfzuDT1WO93CDo3tNHY9hK+oI=
8,44,bJOKy5cv71NdbXv6GfuZMjKBnkk=,V+RcNOR6hV7Mj2GaIuvzDj6mSLE=
0,40,bJOKy5cv71NdbXv6GfuZMjKBnkk=,Q9lfzuDT1WO93CDo3tNHY9hK+oI=
1,40,bJOKy5cv71NdbXv6GfuZMjKBnkk=,Q9lfzuDT1WO93CDo3tNHY9hK+oI=
6,45,bJOKy5cv71NdbXv6GfuZMjKBnkk=,Q9lfzuDT1WO93CDo3tNHY9hK+oI=
2,39,bJOKy5cv71NdbXv6GfuZMjKBnkk=,cxppI7/tsRjF3M15mVCl2JDxbl4=
1,39,bJOKy5cv71NdbXv6GfuZMjKBnkk=,cxppI7/tsRjF3M15mVCl2JDxbl4=
2,40,bJOKy5cv71NdbXv6GfuZMjKBnkk=,Q9lfzuDT1WO93CDo3tNHY9hK+oI=
3,40,bJOKy5cv71NdbXv6GfuZMjKBnkk=,Q9lfzuDT1WO93CDo3tNHY9hK+oI=
2,45,bJOKy5cv71NdbXv6GfuZMjKBnkk=,Q9lfzuDT1WO93CDo3tNHY9hK+oI=
3,45,bJOKy5cv71NdbXv6GfuZMjKBnkk=,Q9lfzuDT1WO93CDo3tNHY9hK+oI=
1,45,bJOKy5cv71NdbXv6GfuZMjKBnkk=,Q9lfzuDT1WO93CDo3tNHY9hK+oI=
7,45,bJOKy5cv71NdbXv6GfuZMjKBnkk=,Q9lfzuDT1WO93CDo3tNHY9hK+oI=
0,45,bJOKy5cv71NdbXv6GfuZMjKBnkk=,Q9lfzuDT1WO93CDo3tNHY9hK+oI=
7,44,bJOKy5cv71NdbXv6GfuZMjKBnkk=,Q9lfzuDT1WO93CDo3tNHY9hK+oI=
6,44,bJOKy5cv71NdbXv6GfuZMjKBnkk=,Q9lfzuDT1WO93CDo3tNHY9hK+oI=
4,45,bJOKy5cv71NdbXv6GfuZMjKBnkk=,Q9lfzuDT1WO93CDo3tNHY9hK+oI=
4,40,bJOKy5cv71NdbXv6GfuZMjKBnkk=,Q9lfzuDT1WO93CDo3tNHY9hK+oI=
5,45,bJOKy5cv71NdbXv6GfuZMjKBnkk=,Q9lfzuDT1WO93CDo3tNHY9hK+oI=
8,43,bJOKy5cv71NdbXv6GfuZMjKBnkk=,V+RcNOR6hV7Mj2GaIuvzDj6mSLE=
5,44,bJOKy5cv71NdbXv6GfuZMjKBnkk=,Q9lfzuDT1WO93CDo3tNHY9hK+oI=
2,44,bJOKy5cv71NdbXv6GfuZMjKBnkk=,Q9lfzuDT1WO93CDo3tNHY9hK+oI=
5,40,bJOKy5cv71NdbXv6GfuZMjKBnkk=,Q9lfzuDT1WO93CDo3tNHY9hK+oI=
8,47,bJOKy5cv71NdbXv6GfuZMjKBnkk=,V+RcNOR6hV7Mj2GaIuvzDj6mSLE=
6,40,bJOKy5cv71NdbXv6GfuZMjKBnkk=,Q9lfzuDT1WO93CDo3tNHY9hK+oI=
7,40,bJOKy5cv71NdbXv6GfuZMjKBnkk=,Q9lfzuDT1WO93CDo3tNHY9hK+oI=
7,47,bJOKy5cv71NdbXv6GfuZMjKBnkk=,Q9lfzuDT1WO93CDo3tNHY9hK+oI=
3,44,bJOKy5cv71NdbXv6GfuZMjKBnkk=,Q9lfzuDT1WO93CDo3tNHY9hK+oI=
7,43,bJOKy5cv71NdbXv6GfuZMjKBnkk=,Q9lfzuDT1WO93CDo3tNHY9hK+oI=
1,44,bJOKy5cv71NdbXv6GfuZMjKBnkk=,Q9lfzuDT1WO93CDo3tNHY9hK+oI=
6,43,bJOKy5cv71NdbXv6GfuZMjKBnkk=,Q9lfzuDT1WO93CDo3tNHY9hK+oI=
0,41,bJOKy5cv71NdbXv6GfuZMjKBnkk=,Q9lfzuDT1WO93CDo3tNHY9hK+oI=
8,40,bJOKy5cv71NdbXv6GfuZMjKBnkk=,V+RcNOR6hV7Mj2GaIuvzDj6mSLE=
8,42,bJOKy5cv71NdbXv6GfuZMjKBnkk=,V+RcNOR6hV7Mj2GaIuvzDj6mSLE=
2,43,bJOKy5cv71NdbXv6GfuZMjKBnkk=,Q9lfzuDT1WO93CDo3tNHY9hK+oI=
0,39,bJOKy5cv71NdbXv6GfuZMjKBnkk=,cxppI7/tsRjF3M15mVCl2JDxbl4=
0,44,bJOKy5cv71NdbXv6GfuZMjKBnkk=,Q9lfzuDT1WO93CDo3tNHY9hK+oI=
1,43,bJOKy5cv71NdbXv6GfuZMjKBnkk=,Q9lfzuDT1WO93CDo3tNHY9hK+oI=
1,41,bJOKy5cv71NdbXv6GfuZMjKBnkk=,Q9lfzuDT1WO93CDo3tNHY9hK+oI=
0,43,bJOKy5cv71NdbXv6GfuZMjKBnkk=,Q9lfzuDT1WO93CDo3tNHY9hK+oI=
5,43,bJOKy5cv71NdbXv6GfuZMjKBnkk=,Q9lfzuDT1WO93CDo3tNHY9hK+oI=
7,42,bJOKy5cv71NdbXv6GfuZMjKBnkk=,Q9lfzuDT1WO93CDo3tNHY9hK+oI=
2,41,bJOKy5cv71NdbXv6GfuZMjKBnkk=,Q9lfzuDT1WO93CDo3tNHY9hK+oI=
4,43,bJOKy5cv71NdbXv6GfuZMjKBnkk=,Q9lfzuDT1WO93CDo3tNHY9hK+oI=
3,43,bJOKy5cv71NdbXv6GfuZMjKBnkk=,Q9lfzuDT1WO93CDo3tNHY9hK+oI=
8,41,bJOKy5cv71NdbXv6GfuZMjKBnkk=,V+RcNOR6hV7Mj2GaIuvzDj6mSLE=
3,42,bJOKy5cv71NdbXv6GfuZMjKBnkk=,Q9lfzuDT1WO93CDo3tNHY9hK+oI=
1,42,bJOKy5cv71NdbXv6GfuZMjKBnkk=,Q9lfzuDT1WO93CDo3tNHY9hK+oI=
2,42,bJOKy5cv71NdbXv6GfuZMjKBnkk=,Q9lfzuDT1WO93CDo3tNHY9hK+oI=
7,41,bJOKy5cv71NdbXv6GfuZMjKBnkk=,Q9lfzuDT1WO93CDo3tNHY9hK+oI=
0,42,bJOKy5cv71NdbXv6GfuZMjKBnkk=,Q9lfzuDT1WO93CDo3tNHY9hK+oI=
6,41,bJOKy5cv71NdbXv6GfuZMjKBnkk=,Q9lfzuDT1WO93CDo3tNHY9hK+oI=
4,42,bJOKy5cv71NdbXv6GfuZMjKBnkk=,Q9lfzuDT1WO93CDo3tNHY9hK+oI=
3,41,bJOKy5cv71NdbXv6GfuZMjKBnkk=,Q9lfzuDT1WO93CDo3tNHY9hK+oI=
6,42,bJOKy5cv71NdbXv6GfuZMjKBnkk=,Q9lfzuDT1WO93CDo3tNHY9hK+oI=
5,42,bJOKy5cv71NdbXv6GfuZMjKBnkk=,Q9lfzuDT1WO93CDo3tNHY9hK+oI=
4,41,bJOKy5cv71NdbXv6GfuZMjKBnkk=,Q9lfzuDT1WO93CDo3tNHY9hK+oI=
5,41,bJOKy5cv71NdbXv6GfuZMjKBnkk=,Q9lfzuDT1WO93CDo3tNHY9hK+oI=
4,44,bJOKy5cv71NdbXv6GfuZMjKBnkk=,Q9lfzuDT1WO93CDo3tNHY9hK+oI=
12,51,bJOKy5cv71NdbXv6GfuZMjKBnkk=,bwsh3+vAFatNy9iIF3jPZvDCqlA=
15,55,bJOKy5cv71NdbXv6GfuZMjKBnkk=,bwsh3+vAFatNy9iIF3jPZvDCqlA=
14,55,bJOKy5cv71NdbXv6GfuZMjKBnkk=,bwsh3+vAFatNy9iIF3jPZvDCqlA=
13,55,bJOKy5cv71NdbXv6GfuZMjKBnkk=,bwsh3+vAFatNy9iIF3jPZvDCqlA=
12,55,bJOKy5cv71NdbXv6GfuZMjKBnkk=,bwsh3+vAFatNy9iIF3jPZvDCqlA=
11,55,bJOKy5cv71NdbXv6GfuZMjKBnkk=,bwsh3+vAFatNy9iIF3jPZvDCqlA=
10,51,bJOKy5cv71NdbXv6GfuZMjKBnkk=,bwsh3+vAFatNy9iIF3jPZvDCqlA=
11,51,bJOKy5cv71NdbXv6GfuZMjKBnkk=,bwsh3+vAFatNy9iIF3jPZvDCqlA=
9,51,bJOKy5cv71NdbXv6GfuZMjKBnkk=,bwsh3+vAFatNy9iIF3jPZvDCqlA=
15,50,bJOKy5cv71NdbXv6GfuZMjKBnkk=,bwsh3+vAFatNy9iIF3jPZvDCqlA=
14,50,bJOKy5cv71NdbXv6GfuZMjKBnkk=,bwsh3+vAFatNy9iIF3jPZvDCqlA=
13,50,bJOKy5cv71NdbXv6GfuZMjKBnkk=,bwsh3+vAFatNy9iIF3jPZvDCqlA=
10,55,bJOKy5cv71NdbXv6GfuZMjKBnkk=,bwsh3+vAFatNy9iIF3jPZvDCqlA=
12,50,bJOKy5cv71NdbXv6GfuZMjKBnkk=,bwsh3+vAFatNy9iIF3jPZvDCqlA=
11,50,bJOKy5cv71NdbXv6GfuZMjKBnkk=,bwsh3+vAFatNy9iIF3jPZvDCqlA=
10,50,bJOKy5cv71NdbXv6GfuZMjKBnkk=,bwsh3+vAFatNy9iIF3jPZvDCqlA=
9,55,bJOKy5cv71NdbXv6GfuZMjKBnkk=,bwsh3+vAFatNy9iIF3jPZvDCqlA=
9,50,bJOKy5cv71NdbXv6GfuZMjKBnkk=,bwsh3+vAFatNy9iIF3jPZvDCqlA=
15,49,bJOKy5cv71NdbXv6GfuZMjKBnkk=,bwsh3+vAFatNy9iIF3jPZvDCqlA=
14,49,bJOKy5cv71NdbXv6GfuZMjKBnkk=,bwsh3+vAFatNy9iIF3jPZvDCqlA=
13,49,bJOKy5cv71NdbXv6GfuZMjKBnkk=,bwsh3+vAFatNy9iIF3jPZvDCqlA=
15,54,bJOKy5cv71NdbXv6GfuZMjKBnkk=,bwsh3+vAFatNy9iIF3jPZvDCqlA=
12,49,bJOKy5cv71NdbXv6GfuZMjKBnkk=,bwsh3+vAFatNy9iIF3jPZvDCqlA=
11,49,bJOKy5cv71NdbXv6GfuZMjKBnkk=,bwsh3+vAFatNy9iIF3jPZvDCqlA=
10,49,bJOKy5cv71NdbXv6GfuZMjKBnkk=,bwsh3+vAFatNy9iIF3jPZvDCqlA=
9,49,bJOKy5cv71NdbXv6GfuZMjKBnkk=,bwsh3+vAFatNy9iIF3jPZvDCqlA=
15,48,bJOKy5cv71NdbXv6GfuZMjKBnkk=,bwsh3+vAFatNy9iIF3jPZvDCqlA=
14,54,bJOKy5cv71NdbXv6GfuZMjKBnkk=,bwsh3+vAFatNy9iIF3jPZvDCqlA=
13,54,bJOKy5cv71NdbXv6GfuZMjKBnkk=,bwsh3+vAFatNy9iIF3jPZvDCqlA=
14,48,bJOKy5cv71NdbXv6GfuZMjKBnkk=,bwsh3+vAFatNy9iIF3jPZvDCqlA=
13,48,bJOKy5cv71NdbXv6GfuZMjKBnkk=,bwsh3+vAFatNy9iIF3jPZvDCqlA=
12,54,bJOKy5cv71NdbXv6GfuZMjKBnkk=,bwsh3+vAFatNy9iIF3jPZvDCqlA=
12,48,bJOKy5cv71NdbXv6GfuZMjKBnkk=,bwsh3+vAFatNy9iIF3jPZvDCqlA=
11,54,bJOKy5cv71NdbXv6GfuZMjKBnkk=,bwsh3+vAFatNy9iIF3jPZvDCqlA=
10,54,bJOKy5cv71NdbXv6GfuZMjKBnkk=,bwsh3+vAFatNy9iIF3jPZvDCqlA=
11,48,bJOKy5cv71NdbXv6GfuZMjKBnkk=,bwsh3+vAFatNy9iIF3jPZvDCqlA=
9,48,bJOKy5cv71NdbXv6GfuZMjKBnkk=,bwsh3+vAFatNy9iIF3jPZvDCqlA=
9,54,bJOKy5cv71NdbXv6GfuZMjKBnkk=,bwsh3+vAFatNy9iIF3jPZvDCqlA=
15,53,bJOKy5cv71NdbXv6GfuZMjKBnkk=,bwsh3+vAFatNy9iIF3jPZvDCqlA=
10,48,bJOKy5cv71NdbXv6GfuZMjKBnkk=,bwsh3+vAFatNy9iIF3jPZvDCqlA=
14,53,bJOKy5cv71NdbXv6GfuZMjKBnkk=,bwsh3+vAFatNy9iIF3jPZvDCqlA=
13,53,bJOKy5cv71NdbXv6GfuZMjKBnkk=,bwsh3+vAFatNy9iIF3jPZvDCqlA=
12,53,bJOKy5cv71NdbXv6GfuZMjKBnkk=,bwsh3+vAFatNy9iIF3jPZvDCqlA=
11,53,bJOKy5cv71NdbXv6GfuZMjKBnkk=,bwsh3+vAFatNy9iIF3jPZvDCqlA=
10,53,bJOKy5cv71NdbXv6GfuZMjKBnkk=,bwsh3+vAFatNy9iIF3jPZvDCqlA=
9,53,bJOKy5cv71NdbXv6GfuZMjKBnkk=,bwsh3+vAFatNy9iIF3jPZvDCqlA=
15,52,bJOKy5cv71NdbXv6GfuZMjKBnkk=,bwsh3+vAFatNy9iIF3jPZvDCqlA=
14,52,bJOKy5cv71NdbXv6GfuZMjKBnkk=,bwsh3+vAFatNy9iIF3jPZvDCqlA=
13,52,bJOKy5cv71NdbXv6GfuZMjKBnkk=,bwsh3+vAFatNy9iIF3jPZvDCqlA=
12,52,bJOKy5cv71NdbXv6GfuZMjKBnkk=,bwsh3+vAFatNy9iIF3jPZvDCqlA=
11,52,bJOKy5cv71NdbXv6GfuZMjKBnkk=,bwsh3+vAFatNy9iIF3jPZvDCqlA=
10,52,bJOKy5cv71NdbXv6GfuZMjKBnkk=,bwsh3+vAFatNy9iIF3jPZvDCqlA=
9,52,bJOKy5cv71NdbXv6GfuZMjKBnkk=,bwsh3+vAFatNy9iIF3jPZvDCqlA=
15,51,bJOKy5cv71NdbXv6GfuZMjKBnkk=,bwsh3+vAFatNy9iIF3jPZvDCqlA=
14,51,bJOKy5cv71NdbXv6GfuZMjKBnkk=,bwsh3+vAFatNy9iIF3jPZvDCqlA=
13,51,bJOKy5cv71NdbXv6GfuZMjKBnkk=,bwsh3+vAFatNy9iIF3jPZvDCqlA=
4,61,bJOKy5cv71NdbXv6GfuZMjKBnkk=,NjT5tm6AXuc+D9JyHbr4X94H/PY=
5,61,bJOKy5cv71NdbXv6GfuZMjKBnkk=,NjT5tm6AXuc+D9JyHbr4X94H/PY=
6,61,bJOKy5cv71NdbXv6GfuZMjKBnkk=,NjT5tm6AXuc+D9JyHbr4X94H/PY=
7,61,bJOKy5cv71NdbXv6GfuZMjKBnkk=,NjT5tm6AXuc+D9JyHbr4X94H/PY=
0,62,bJOKy5cv71NdbXv6GfuZMjKBnkk=,NjT5tm6AXuc+D9JyHbr4X94H/PY=
1,62,bJOKy5cv71NdbXv6GfuZMjKBnkk=,NjT5tm6AXuc+D9JyHbr4X94H/PY=
2,62,bJOKy5cv71NdbXv6GfuZMjKBnkk=,NjT5tm6AXuc+D9JyHbr4X94H/PY=
3,62,bJOKy5cv71NdbXv6GfuZMjKBnkk=,NjT5tm6AXuc+D9JyHbr4X94H/PY=
4,62,bJOKy5cv71NdbXv6GfuZMjKBnkk=,NjT5tm6AXuc+D9JyHbr4X94H/PY=
5,62,bJOKy5cv71NdbXv6GfuZMjKBnkk=,NjT5tm6AXuc+D9JyHbr4X94H/PY=
6,62,bJOKy5cv71NdbXv6GfuZMjKBnkk=,NjT5tm6AXuc+D9JyHbr4X94H/PY=
7,62,bJOKy5cv71NdbXv6GfuZMjKBnkk=,NjT5tm6AXuc+D9JyHbr4X94H/PY=
0,63,bJOKy5cv71NdbXv6GfuZMjKBnkk=,NjT5tm6AXuc+D9JyHbr4X94H/PY=
1,63,bJOKy5cv71NdbXv6GfuZMjKBnkk=,NjT5tm6AXuc+D9JyHbr4X94H/PY=
2,63,bJOKy5cv71NdbXv6GfuZMjKBnkk=,NjT5tm6AXuc+D9JyHbr4X94H/PY=
3,63,bJOKy5cv71NdbXv6GfuZMjKBnkk=,NjT5tm6AXuc+D9JyHbr4X94H/PY=
4,63,bJOKy5cv71NdbXv6GfuZMjKBnkk=,NjT5tm6AXuc+D9JyHbr4X94H/PY=
5,63,bJOKy5cv71NdbXv6GfuZMjKBnkk=,NjT5tm6AXuc+D9JyHbr4X94H/PY=
3,61,bJOKy5cv71NdbXv6GfuZMjKBnkk=,NjT5tm6AXuc+D9JyHbr4X94H/PY=
2,61,bJOKy5cv71NdbXv6GfuZMjKBnkk=,NjT5tm6AXuc+D9JyHbr4X94H/PY=
1,61,bJOKy5cv71NdbXv6GfuZMjKBnkk=,NjT5tm6AXuc+D9JyHbr4X94H/PY=
0,61,bJOKy5cv71NdbXv6GfuZMjKBnkk=,NjT5tm6AXuc+D9JyHbr4X94H/PY=
7,60,bJOKy5cv71NdbXv6GfuZMjKBnkk=,NjT5tm6AXuc+D9JyHbr4X94H/PY=
6,60,bJOKy5cv71NdbXv6GfuZMjKBnkk=,NjT5tm6AXuc+D9JyHbr4X94H/PY=
5,60,bJOKy5cv71NdbXv6GfuZMjKBnkk=,NjT5tm6AXuc+D9JyHbr4X94H/PY=
0,57,bJOKy5cv71NdbXv6GfuZMjKBnkk=,NjT5tm6AXuc+D9JyHbr4X94H/PY=
4,60,bJOKy5cv71NdbXv6GfuZMjKBnkk=,NjT5tm6AXuc+D9JyHbr4X94H/PY=
6,63,bJOKy5cv71NdbXv6GfuZMjKBnkk=,NjT5tm6AXuc+D9JyHbr4X94H/PY=
3,60,bJOKy5cv71NdbXv6GfuZMjKBnkk=,NjT5tm6AXuc+D9JyHbr4X94H/PY=
2,60,bJOKy5cv71NdbXv6GfuZMjKBnkk=,NjT5tm6AXuc+D9JyHbr4X94H/PY=
1,60,bJOKy5cv71NdbXv6GfuZMjKBnkk=,NjT5tm6AXuc+D9JyHbr4X94H/PY=
0,60,bJOKy5cv71NdbXv6GfuZMjKBnkk=,NjT5tm6AXuc+D9JyHbr4X94H/PY=
7,59,bJOKy5cv71NdbXv6GfuZMjKBnkk=,NjT5tm6AXuc+D9JyHbr4X94H/PY=
6,59,bJOKy5cv71NdbXv6GfuZMjKBnkk=,NjT5tm6AXuc+D9JyHbr4X94H/PY=
5,59,bJOKy5cv71NdbXv6GfuZMjKBnkk=,NjT5tm6AXuc+D9JyHbr4X94H/PY=
4,59,bJOKy5cv71NdbXv6GfuZMjKBnkk=,NjT5tm6AXuc+D9JyHbr4X94H/PY=
3,59,bJOKy5cv71NdbXv6GfuZMjKBnkk=,NjT5tm6AXuc+D9JyHbr4X94H/PY=
2,59,bJOKy5cv71NdbXv6GfuZMjKBnkk=,NjT5tm6AXuc+D9JyHbr4X94H/PY=
1,59,bJOKy5cv71NdbXv6GfuZMjKBnkk=,NjT5tm6AXuc+D9JyHbr4X94H/PY=
7,58,bJOKy5cv71NdbXv6GfuZMjKBnkk=,NjT5tm6AXuc+D9JyHbr4X94H/PY=
6,58,bJOKy5cv71NdbXv6GfuZMjKBnkk=,NjT5tm6AXuc+D9JyHbr4X94H/PY=
5,58,bJOKy5cv71NdbXv6GfuZMjKBnkk=,NjT5tm6AXuc+D9JyHbr4X94H/PY=
1,57,bJOKy5cv71NdbXv6GfuZMjKBnkk=,NjT5tm6AXuc+D9JyHbr4X94H/PY=
4,58,bJOKy5cv71NdbXv6GfuZMjKBnkk=,NjT5tm6AXuc+D9JyHbr4X94H/PY=
7,63,bJOKy5cv71NdbXv6GfuZMjKBnkk=,NjT5tm6AXuc+D9JyHbr4X94H/PY=
3,58,bJOKy5cv71NdbXv6GfuZMjKBnkk=,NjT5tm6AXuc+D9JyHbr4X94H/PY=
2,58,bJOKy5cv71NdbXv6GfuZMjKBnkk=,NjT5tm6AXuc+D9JyHbr4X94H/PY=
2,57,bJOKy5cv71NdbXv6GfuZMjKBnkk=,NjT5tm6AXuc+D9JyHbr4X94H/PY=
1,58,bJOKy5cv71NdbXv6GfuZMjKBnkk=,NjT5tm6AXuc+D9JyHbr4X94H/PY=
7,57,bJOKy5cv71NdbXv6GfuZMjKBnkk=,NjT5tm6AXuc+D9JyHbr4X94H/PY=
6,57,bJOKy5cv71NdbXv6GfuZMjKBnkk=,NjT5tm6AXuc+D9JyHbr4X94H/PY=
5,57,bJOKy5cv71NdbXv6GfuZMjKBnkk=,NjT5tm6AXuc+D9JyHbr4X94H/PY=
4,57,bJOKy5cv71NdbXv6GfuZMjKBnkk=,NjT5tm6AXuc+D9JyHbr4X94H/PY=
3,57,bJOKy5cv71NdbXv6GfuZMjKBnkk=,NjT5tm6AXuc+D9JyHbr4X94H/PY=
0,58,bJOKy5cv71NdbXv6GfuZMjKBnkk=,NjT5tm6AXuc+D9JyHbr4X94H/PY=
0,59,bJOKy5cv71NdbXv6GfuZMjKBnkk=,NjT5tm6AXuc+D9JyHbr4X94H/PY=
0,50,bJOKy5cv71NdbXv6GfuZMjKBnkk=,6UuNnrXjzf0KDVEngjvWWQ7mL3Y=
2,49,bJOKy5cv71NdbXv6GfuZMjKBnkk=,6UuNnrXjzf0KDVEngjvWWQ7mL3Y=
3,53,bJOKy5cv71NdbXv6GfuZMjKBnkk=,6UuNnrXjzf0KDVEngjvWWQ7mL3Y=
4,48,bJOKy5cv71NdbXv6GfuZMjKBnkk=,6UuNnrXjzf0KDVEngjvWWQ7mL3Y=
2,53,bJOKy5cv71NdbXv6GfuZMjKBnkk=,6UuNnrXjzf0KDVEngjvWWQ7mL3Y=
7,49,bJOKy5cv71NdbXv6GfuZMjKBnkk=,6UuNnrXjzf0KDVEngjvWWQ7mL3Y=
4,53,bJOKy5cv71NdbXv6GfuZMjKBnkk=,6UuNnrXjzf0KDVEngjvWWQ7mL3Y=
8,51,bJOKy5cv71NdbXv6GfuZMjKBnkk=,bwsh3+vAFatNy9iIF3jPZvDCqlA=
8,55,bJOKy5cv71NdbXv6GfuZMjKBnkk=,bwsh3+vAFatNy9iIF3jPZvDCqlA=
5,52,bJOKy5cv71NdbXv6GfuZMjKBnkk=,6UuNnrXjzf0KDVEngjvWWQ7mL3Y=
6,49,bJOKy5cv71NdbXv6GfuZMjKBnkk=,6UuNnrXjzf0KDVEngjvWWQ7mL3Y=
0,52,bJOKy5cv71NdbXv6GfuZMjKBnkk=,6UuNnrXjzf0KDVEngjvWWQ7mL3Y=
8,49,bJOKy5cv71NdbXv6GfuZMjKBnkk=,bwsh3+vAFatNy9iIF3jPZvDCqlA=
6,52,bJOKy5cv71NdbXv6GfuZMjKBnkk=,6UuNnrXjzf0KDVEngjvWWQ7mL3Y=
4,52,bJOKy5cv71NdbXv6GfuZMjKBnkk=,6UuNnrXjzf0KDVEngjvWWQ7mL3Y=
8,50,bJOKy5cv71NdbXv6GfuZMjKBnkk=,bwsh3+vAFatNy9iIF3jPZvDCqlA=
1,49,bJOKy5cv71NdbXv6GfuZMjKBnkk=,6UuNnrXjzf0KDVEngjvWWQ7mL3Y=
0,49,bJOKy5cv71NdbXv6GfuZMjKBnkk=,6UuNnrXjzf0KDVEngjvWWQ7mL3Y=
3,55,bJOKy5cv71NdbXv6GfuZMjKBnkk=,6UuNnrXjzf0KDVEngjvWWQ7mL3Y=
4,51,bJOKy5cv71NdbXv6GfuZMjKBnkk=,6UuNnrXjzf0KDVEngjvWWQ7mL3Y=
3,52,bJOKy5cv71NdbXv6GfuZMjKBnkk=,6UuNnrXjzf0KDVEngjvWWQ7mL3Y=
2,55,bJOKy5cv71NdbXv6GfuZMjKBnkk=,6UuNnrXjzf0KDVEngjvWWQ7mL3Y=
8,54,bJOKy5cv71NdbXv6GfuZMjKBnkk=,bwsh3+vAFatNy9iIF3jPZvDCqlA=
8,48,bJOKy5cv71NdbXv6GfuZMjKBnkk=,bwsh3+vAFatNy9iIF3jPZvDCqlA=
5,51,bJOKy5cv71NdbXv6GfuZMjKBnkk=,6UuNnrXjzf0KDVEngjvWWQ7mL3Y=
7,56,bJOKy5cv71NdbXv6GfuZMjKBnkk=,NjT5tm6AXuc+D9JyHbr4X94H/PY=
3,48,bJOKy5cv71NdbXv6GfuZMjKBnkk=,6UuNnrXjzf0KDVEngjvWWQ7mL3Y=
2,48,bJOKy5cv71NdbXv6GfuZMjKBnkk=,6UuNnrXjzf0KDVEngjvWWQ7mL3Y=
7,54,bJOKy5cv71NdbXv6GfuZMjKBnkk=,6UuNnrXjzf0KDVEngjvWWQ7mL3Y=
2,52,bJOKy5cv71NdbXv6GfuZMjKBnkk=,6UuNnrXjzf0KDVEngjvWWQ7mL3Y=
6,51,bJOKy5cv71NdbXv6GfuZMjKBnkk=,6UuNnrXjzf0KDVEngjvWWQ7mL3Y=
6,56,bJOKy5cv71NdbXv6GfuZMjKBnkk=,NjT5tm6AXuc+D9JyHbr4X94H/PY=
1,48,bJOKy5cv71NdbXv6GfuZMjKBnkk=,6UuNnrXjzf0KDVEngjvWWQ7mL3Y=
0,55,bJOKy5cv71NdbXv6GfuZMjKBnkk=,6UuNnrXjzf0KDVEngjvWWQ7mL3Y=
0,51,bJOKy5cv71NdbXv6GfuZMjKBnkk=,6UuNnrXjzf0KDVEngjvWWQ7mL3Y=
7,51,bJOKy5cv71NdbXv6GfuZMjKBnkk=,6UuNnrXjzf0KDVEngjvWWQ7mL3Y=
1,55,bJOKy5cv71NdbXv6GfuZMjKBnkk=,6UuNnrXjzf0KDVEngjvWWQ7mL3Y=
3,54,bJOKy5cv71NdbXv6GfuZMjKBnkk=,6UuNnrXjzf0KDVEngjvWWQ7mL3Y=
2,54,bJOKy5cv71NdbXv6GfuZMjKBnkk=,6UuNnrXjzf0KDVEngjvWWQ7mL3Y=
3,51,bJOKy5cv71NdbXv6GfuZMjKBnkk=,6UuNnrXjzf0KDVEngjvWWQ7mL3Y=
1,54,bJOKy5cv71NdbXv6GfuZMjKBnkk=,6UuNnrXjzf0KDVEngjvWWQ7mL3Y=
0,48,bJOKy5cv71NdbXv6GfuZMjKBnkk=,6UuNnrXjzf0KDVEngjvWWQ7mL3Y=
4,55,bJOKy5cv71NdbXv6GfuZMjKBnkk=,6UuNnrXjzf0KDVEngjvWWQ7mL3Y=
7,50,bJOKy5cv71NdbXv6GfuZMjKBnkk=,6UuNnrXjzf0KDVEngjvWWQ7mL3Y=
0,54,bJOKy5cv71NdbXv6GfuZMjKBnkk=,6UuNnrXjzf0KDVEngjvWWQ7mL3Y=
5,54,bJOKy5cv71NdbXv6GfuZMjKBnkk=,6UuNnrXjzf0KDVEngjvWWQ7mL3Y=
4,54,bJOKy5cv71NdbXv6GfuZMjKBnkk=,6UuNnrXjzf0KDVEngjvWWQ7mL3Y=
1,52,bJOKy5cv71NdbXv6GfuZMjKBnkk=,6UuNnrXjzf0KDVEngjvWWQ7mL3Y=
8,53,bJOKy5cv71NdbXv6GfuZMjKBnkk=,bwsh3+vAFatNy9iIF3jPZvDCqlA=
4,50,bJOKy5cv71NdbXv6GfuZMjKBnkk=,6UuNnrXjzf0KDVEngjvWWQ7mL3Y=
3,50,bJOKy5cv71NdbXv6GfuZMjKBnkk=,6UuNnrXjzf0KDVEngjvWWQ7mL3Y=
2,50,bJOKy5cv71NdbXv6GfuZMjKBnkk=,6UuNnrXjzf0KDVEngjvWWQ7mL3Y=
1,50,bJOKy5cv71NdbXv6GfuZMjKBnkk=,6UuNnrXjzf0KDVEngjvWWQ7mL3Y=
4,49,bJOKy5cv71NdbXv6GfuZMjKBnkk=,6UuNnrXjzf0KDVEngjvWWQ7mL3Y=
6,50,bJOKy5cv71NdbXv6GfuZMjKBnkk=,6UuNnrXjzf0KDVEngjvWWQ7mL3Y=
7,48,bJOKy5cv71NdbXv6GfuZMjKBnkk=,6UuNnrXjzf0KDVEngjvWWQ7mL3Y=
5,56,bJOKy5cv71NdbXv6GfuZMjKBnkk=,NjT5tm6AXuc+D9JyHbr4X94H/PY=
6,54,bJOKy5cv71NdbXv6GfuZMjKBnkk=,6UuNnrXjzf0KDVEngjvWWQ7mL3Y=
2,51,bJOKy5cv71NdbXv6GfuZMjKBnkk=,6UuNnrXjzf0KDVEngjvWWQ7mL3Y=
7,53,bJOKy5cv71NdbXv6GfuZMjKBnkk=,6UuNnrXjzf0KDVEngjvWWQ7mL3Y=
5,50,bJOKy5cv71NdbXv6GfuZMjKBnkk=,6UuNnrXjzf0KDVEngjvWWQ7mL3Y=
1,53,bJOKy5cv71NdbXv6GfuZMjKBnkk=,6UuNnrXjzf0KDVEngjvWWQ7mL3Y=
6,48,bJOKy5cv71NdbXv6GfuZMjKBnkk=,6UuNnrXjzf0KDVEngjvWWQ7mL3Y=
5,55,bJOKy5cv71NdbXv6GfuZMjKBnkk=,6UuNnrXjzf0KDVEngjvWWQ7mL3Y=
6,53,bJOKy5cv71NdbXv6GfuZMjKBnkk=,6UuNnrXjzf0KDVEngjvWWQ7mL3Y=
5,53,bJOKy5cv71NdbXv6GfuZMjKBnkk=,6UuNnrXjzf0KDVEngjvWWQ7mL3Y=
4,56,bJOKy5cv71NdbXv6GfuZMjKBnkk=,NjT5tm6AXuc+D9JyHbr4X94H/PY=
5,48,bJOKy5cv71NdbXv6GfuZMjKBnkk=,6UuNnrXjzf0KDVEngjvWWQ7mL3Y=
0,53,bJOKy5cv71NdbXv6GfuZMjKBnkk=,6UuNnrXjzf0KDVEngjvWWQ7mL3Y=
5,49,bJOKy5cv71NdbXv6GfuZMjKBnkk=,6UuNnrXjzf0KDVEngjvWWQ7mL3Y=
1,51,bJOKy5cv71NdbXv6GfuZMjKBnkk=,6UuNnrXjzf0KDVEngjvWWQ7mL3Y=
2,56,bJOKy5cv71NdbXv6GfuZMjKBnkk=,NjT5tm6AXuc+D9JyHbr4X94H/PY=
3,49,bJOKy5cv71NdbXv6GfuZMjKBnkk=,6UuNnrXjzf0KDVEngjvWWQ7mL3Y=
6,55,bJOKy5cv71NdbXv6GfuZMjKBnkk=,6UuNnrXjzf0KDVEngjvWWQ7mL3Y=
8,52,bJOKy5cv71NdbXv6GfuZMjKBnkk=,bwsh3+vAFatNy9iIF3jPZvDCqlA=
3,56,bJOKy5cv71NdbXv6GfuZMjKBnkk=,NjT5tm6AXuc+D9JyHbr4X94H/PY=
7,55,bJOKy5cv71NdbXv6GfuZMjKBnkk=,6UuNnrXjzf0KDVEngjvWWQ7mL3Y=
1,56,bJOKy5cv71NdbXv6GfuZMjKBnkk=,NjT5tm6AXuc+D9JyHbr4X94H/PY=
7,52,bJOKy5cv71NdbXv6GfuZMjKBnkk=,6UuNnrXjzf0KDVEngjvWWQ7mL3Y=
0,56,bJOKy5cv71NdbXv6GfuZMjKBnkk=,NjT5tm6AXuc+D9JyHbr4X94H/PY=
28,53,xbwLuy1UvtE5YitLOJ/FNd+VarQ=,LS0BPUd2WLQ2I3yPbqExNynNbjk=
27,53,xbwLuy1UvtE5YitLOJ/FNd+VarQ=,LS0BPUd2WLQ2I3yPbqExNynNbjk=
26,53,xbwLuy1UvtE5YitLOJ/FNd+VarQ=,LS0BPUd2WLQ2I3yPbqExNynNbjk=
31,52,xbwLuy1UvtE5YitLOJ/FNd+VarQ=,LS0BPUd2WLQ2I3yPbqExNynNbjk=
25,53,xbwLuy1UvtE5YitLOJ/FNd+VarQ=,LS0BPUd2WLQ2I3yPbqExNynNbjk=
30,52,xbwLuy1UvtE5YitLOJ/FNd+VarQ=,LS0BPUd2WLQ2I3yPbqExNynNbjk=
28,52,xbwLuy1UvtE5YitLOJ/FNd+VarQ=,LS0BPUd2WLQ2I3yPbqExNynNbjk=
29,52,xbwLuy1UvtE5YitLOJ/FNd+VarQ=,LS0BPUd2WLQ2I3yPbqExNynNbjk=
27,52,xbwLuy1UvtE5YitLOJ/FNd+VarQ=,LS0BPUd2WLQ2I3yPbqExNynNbjk=
26,52,xbwLuy1UvtE5YitLOJ/FNd+VarQ=,LS0BPUd2WLQ2I3yPbqExNynNbjk=
25,52,xbwLuy1UvtE5YitLOJ/FNd+VarQ=,LS0BPUd2WLQ2I3yPbqExNynNbjk=
31,55,xbwLuy1UvtE5YitLOJ/FNd+VarQ=,LS0BPUd2WLQ2I3yPbqExNynNbjk=
30,55,xbwLuy1UvtE5YitLOJ/FNd+VarQ=,LS0BPUd2WLQ2I3yPbqExNynNbjk=
31,51,xbwLuy1UvtE5YitLOJ/FNd+VarQ=,LS0BPUd2WLQ2I3yPbqExNynNbjk=
29,51,xbwLuy1UvtE5YitLOJ/FNd+VarQ=,LS0BPUd2WLQ2I3yPbqExNynNbjk=
29,55,xbwLuy1UvtE5YitLOJ/FNd+VarQ=,LS0BPUd2WLQ2I3yPbqExNynNbjk=
30,51,xbwLuy1UvtE5YitLOJ/FNd+VarQ=,LS0BPUd2WLQ2I3yPbqExNynNbjk=
28,51,xbwLuy1UvtE5YitLOJ/FNd+VarQ=,LS0BPUd2WLQ2I3yPbqExNynNbjk=
28,55,xbwLuy1UvtE5YitLOJ/FNd+VarQ=,LS0BPUd2WLQ2I3yPbqExNynNbjk=
25,51,xbwLuy1UvtE5YitLOJ/FNd+VarQ=,LS0BPUd2WLQ2I3yPbqExNynNbjk=
27,51,xbwLuy1UvtE5YitLOJ/FNd+VarQ=,LS0BPUd2WLQ2I3yPbqExNynNbjk=
27,55,xbwLuy1UvtE5YitLOJ/FNd+VarQ=,LS0BPUd2WLQ2I3yPbqExNynNbjk=
26,51,xbwLuy1UvtE5YitLOJ/FNd+VarQ=,LS0BPUd2WLQ2I3yPbqExNynNbjk=
26,55,xbwLuy1UvtE5YitLOJ/FNd+VarQ=,LS0BPUd2WLQ2I3yPbqExNynNbjk=
31,50,xbwLuy1UvtE5YitLOJ/FNd+VarQ=,LS0BPUd2WLQ2I3yPbqExNynNbjk=
25,55,xbwLuy1UvtE5YitLOJ/FNd+VarQ=,LS0BPUd2WLQ2I3yPbqExNynNbjk=
30,50,xbwLuy1UvtE5YitLOJ/FNd+VarQ=,LS0BPUd2WLQ2I3yPbqExNynNbjk=
29,50,xbwLuy1UvtE5YitLOJ/FNd+VarQ=,LS0BPUd2WLQ2I3yPbqExNynNbjk=
28,50,xbwLuy1UvtE5YitLOJ/FNd+VarQ=,LS0BPUd2WLQ2I3yPbqExNynNbjk=
31,54,xbwLuy1UvtE5YitLOJ/FNd+VarQ=,LS0BPUd2WLQ2I3yPbqExNynNbjk=
26,50,xbwLuy1UvtE5YitLOJ/FNd+VarQ=,LS0BPUd2WLQ2I3yPbqExNynNbjk=
27,50,xbwLuy1UvtE5YitLOJ/FNd+VarQ=,LS0BPUd2WLQ2I3yPbqExNynNbjk=
25,50,xbwLuy1UvtE5YitLOJ/FNd+VarQ=,LS0BPUd2WLQ2I3yPbqExNynNbjk=
31,49,xbwLuy1UvtE5YitLOJ/FNd+VarQ=,LS0BPUd2WLQ2I3yPbqExNynNbjk=
29,49,xbwLuy1UvtE5YitLOJ/FNd+VarQ=,LS0BPUd2WLQ2I3yPbqExNynNbjk=
30,49,xbwLuy1UvtE5YitLOJ/FNd+VarQ=,LS0BPUd2WLQ2I3yPbqExNynNbjk=
27,49,xbwLuy1UvtE5YitLOJ/FNd+VarQ=,LS0BPUd2WLQ2I3yPbqExNynNbjk=
28,49,xbwLuy1UvtE5YitLOJ/FNd+VarQ=,LS0BPUd2WLQ2I3yPbqExNynNbjk=
26,49,xbwLuy1UvtE5YitLOJ/FNd+VarQ=,LS0BPUd2WLQ2I3yPbqExNynNbjk=
25,49,xbwLuy1UvtE5YitLOJ/FNd+VarQ=,LS0BPUd2WLQ2I3yPbqExNynNbjk=
31,48,xbwLuy1UvtE5YitLOJ/FNd+VarQ=,LS0BPUd2WLQ2I3yPbqExNynNbjk=
30,48,xbwLuy1UvtE5YitLOJ/FNd+VarQ=,LS0BPUd2WLQ2I3yPbqExNynNbjk=
29,48,xbwLuy1UvtE5YitLOJ/FNd+VarQ=,LS0BPUd2WLQ2I3yPbqExNynNbjk=
28,48,xbwLuy1UvtE5YitLOJ/FNd+VarQ=,LS0BPUd2WLQ2I3yPbqExNynNbjk=
27,48,xbwLuy1UvtE5YitLOJ/FNd+VarQ=,LS0BPUd2WLQ2I3yPbqExNynNbjk=
26,48,xbwLuy1UvtE5YitLOJ/FNd+VarQ=,LS0BPUd2WLQ2I3yPbqExNynNbjk=
25,48,xbwLuy1UvtE5YitLOJ/FNd+VarQ=,LS0BPUd2WLQ2I3yPbqExNynNbjk=
29,54,xbwLuy1UvtE5YitLOJ/FNd+VarQ=,LS0BPUd2WLQ2I3yPbqExNynNbjk=
30,54,xbwLuy1UvtE5YitLOJ/FNd+VarQ=,LS0BPUd2WLQ2I3yPbqExNynNbjk=
28,54,xbwLuy1UvtE5YitLOJ/FNd+VarQ=,LS0BPUd2WLQ2I3yPbqExNynNbjk=
27,54,xbwLuy1UvtE5YitLOJ/FNd+VarQ=,LS0BPUd2WLQ2I3yPbqExNynNbjk=
26,54,xbwLuy1UvtE5YitLOJ/FNd+VarQ=,LS0BPUd2WLQ2I3yPbqExNynNbjk=
25,54,xbwLuy1UvtE5YitLOJ/FNd+VarQ=,LS0BPUd2WLQ2I3yPbqExNynNbjk=
31,53,xbwLuy1UvtE5YitLOJ/FNd+VarQ=,LS0BPUd2WLQ2I3yPbqExNynNbjk=
30,53,xbwLuy1UvtE5YitLOJ/FNd+VarQ=,LS0BPUd2WLQ2I3yPbqExNynNbjk=
29,53,xbwLuy1UvtE5YitLOJ/FNd+VarQ=,LS0BPUd2WLQ2I3yPbqExNynNbjk=
16,50,xbwLuy1UvtE5YitLOJ/FNd+VarQ=,eQkZvyoVNKr6k5qkf+iXV289SSQ=
23,49,xbwLuy1UvtE5YitLOJ/FNd+VarQ=,eQkZvyoVNKr6k5qkf+iXV289SSQ=
20,53,xbwLuy1UvtE5YitLOJ/FNd+VarQ=,eQkZvyoVNKr6k5qkf+iXV289SSQ=
19,55,xbwLuy1UvtE5YitLOJ/FNd+VarQ=,eQkZvyoVNKr6k5qkf+iXV289SSQ=
21,48,xbwLuy1UvtE5YitLOJ/FNd+VarQ=,eQkZvyoVNKr6k5qkf+iXV289SSQ=
22,49,xbwLuy1UvtE5YitLOJ/FNd+VarQ=,eQkZvyoVNKr6k5qkf+iXV289SSQ=
22,52,xbwLuy1UvtE5YitLOJ/FNd+VarQ=,eQkZvyoVNKr6k5qkf+iXV289SSQ=
21,53,xbwLuy1UvtE5YitLOJ/FNd+VarQ=,eQkZvyoVNKr6k5qkf+iXV289SSQ=
16,52,xbwLuy1UvtE5YitLOJ/FNd+VarQ=,eQkZvyoVNKr6k5qkf+iXV289SSQ=
19,49,xbwLuy1UvtE5YitLOJ/FNd+VarQ=,eQkZvyoVNKr6k5qkf+iXV289SSQ=
19,53,xbwLuy1UvtE5YitLOJ/FNd+VarQ=,eQkZvyoVNKr6k5qkf+iXV289SSQ=
18,55,xbwLuy1UvtE5YitLOJ/FNd+VarQ=,eQkZvyoVNKr6k5qkf+iXV289SSQ=
22,53,xbwLuy1UvtE5YitLOJ/FNd+VarQ=,eQkZvyoVNKr6k5qkf+iXV289SSQ=
24,53,xbwLuy1UvtE5YitLOJ/FNd+VarQ=,LS0BPUd2WLQ2I3yPbqExNynNbjk=
17,55,xbwLuy1UvtE5YitLOJ/FNd+VarQ=,eQkZvyoVNKr6k5qkf+iXV289SSQ=
23,53,xbwLuy1UvtE5YitLOJ/FNd+VarQ=,eQkZvyoVNKr6k5qkf+iXV289SSQ=
18,53,xbwLuy1UvtE5YitLOJ/FNd+VarQ=,eQkZvyoVNKr6k5qkf+iXV289SSQ=
16,55,xbwLuy1UvtE5YitLOJ/FNd+VarQ=,eQkZvyoVNKr6k5qkf+iXV289SSQ=
23,51,xbwLuy1UvtE5YitLOJ/FNd+VarQ=,eQkZvyoVNKr6k5qkf+iXV289SSQ=
17,53,xbwLuy1UvtE5YitLOJ/FNd+VarQ=,eQkZvyoVNKr6k5qkf+iXV289SSQ=
18,48,xbwLuy1UvtE5YitLOJ/FNd+VarQ=,eQkZvyoVNKr6k5qkf+iXV289SSQ=
18,49,xbwLuy1UvtE5YitLOJ/FNd+VarQ=,eQkZvyoVNKr6k5qkf+iXV289SSQ=
17,49,xbwLuy1UvtE5YitLOJ/FNd+VarQ=,eQkZvyoVNKr6k5qkf+iXV289SSQ=
24,52,xbwLuy1UvtE5YitLOJ/FNd+VarQ=,LS0BPUd2WLQ2I3yPbqExNynNbjk=
23,54,xbwLuy1UvtE5YitLOJ/FNd+VarQ=,eQkZvyoVNKr6k5qkf+iXV289SSQ=
16,49,xbwLuy1UvtE5YitLOJ/FNd+VarQ=,eQkZvyoVNKr6k5qkf+iXV289SSQ=
22,51,xbwLuy1UvtE5YitLOJ/FNd+VarQ=,eQkZvyoVNKr6k5qkf+iXV289SSQ=
21,52,xbwLuy1UvtE5YitLOJ/FNd+VarQ=,eQkZvyoVNKr6k5qkf+iXV289SSQ=
22,54,xbwLuy1UvtE5YitLOJ/FNd+VarQ=,eQkZvyoVNKr6k5qkf+iXV289SSQ=
21,51,xbwLuy1UvtE5YitLOJ/FNd+VarQ=,eQkZvyoVNKr6k5qkf+iXV289SSQ=
24,51,xbwLuy1UvtE5YitLOJ/FNd+VarQ=,LS0BPUd2WLQ2I3yPbqExNynNbjk=
21,54,xbwLuy1UvtE5YitLOJ/FNd+VarQ=,eQkZvyoVNKr6k5qkf+iXV289SSQ=
24,55,xbwLuy1UvtE5YitLOJ/FNd+VarQ=,LS0BPUd2WLQ2I3yPbqExNynNbjk=
20,49,xbwLuy1UvtE5YitLOJ/FNd+VarQ=,eQkZvyoVNKr6k5qkf+iXV289SSQ=
21,49,xbwLuy1UvtE5YitLOJ/FNd+VarQ=,eQkZvyoVNKr6k5qkf+iXV289SSQ=
16,54,xbwLuy1UvtE5YitLOJ/FNd+VarQ=,eQkZvyoVNKr6k5qkf+iXV289SSQ=
17,54,xbwLuy1UvtE5YitLOJ/FNd+VarQ=,eQkZvyoVNKr6k5qkf+iXV289SSQ=
20,55,xbwLuy1UvtE5YitLOJ/FNd+VarQ=,eQkZvyoVNKr6k5qkf+iXV289SSQ=
23,52,xbwLuy1UvtE5YitLOJ/FNd+VarQ=,eQkZvyoVNKr6k5qkf+iXV289SSQ=
17,52,xbwLuy1UvtE5YitLOJ/FNd+VarQ=,eQkZvyoVNKr6k5qkf+iXV289SSQ=
21,55,xbwLuy1UvtE5YitLOJ/FNd+VarQ=,eQkZvyoVNKr6k5qkf+iXV289SSQ=
24,54,xbwLuy1UvtE5YitLOJ/FNd+VarQ=,LS0BPUd2WLQ2I3yPbqExNynNbjk=
18,52,xbwLuy1UvtE5YitLOJ/FNd+VarQ=,eQkZvyoVNKr6k5qkf+iXV289SSQ=
19,52,xbwLuy1UvtE5YitLOJ/FNd+VarQ=,eQkZvyoVNKr6k5qkf+iXV289SSQ=
20,51,xbwLuy1UvtE5YitLOJ/FNd+VarQ=,eQkZvyoVNKr6k5qkf+iXV289SSQ=
20,52,xbwLuy1UvtE5YitLOJ/FNd+VarQ=,eQkZvyoVNKr6k5qkf+iXV289SSQ=
17,50,xbwLuy1UvtE5YitLOJ/FNd+VarQ=,eQkZvyoVNKr6k5qkf+iXV289SSQ=
19,51,xbwLuy1UvtE5YitLOJ/FNd+VarQ=,eQkZvyoVNKr6k5qkf+iXV289SSQ=
22,55,xbwLuy1UvtE5YitLOJ/FNd+VarQ=,eQkZvyoVNKr6k5qkf+iXV289SSQ=
23,55,xbwLuy1UvtE5YitLOJ/FNd+VarQ=,eQkZvyoVNKr6k5qkf+iXV289SSQ=
17,48,xbwLuy1UvtE5YitLOJ/FNd+VarQ=,eQkZvyoVNKr6k5qkf+iXV289SSQ=
16,48,xbwLuy1UvtE5YitLOJ/FNd+VarQ=,eQkZvyoVNKr6k5qkf+iXV289SSQ=
20,48,xbwLuy1UvtE5YitLOJ/FNd+VarQ=,eQkZvyoVNKr6k5qkf+iXV289SSQ=
22,48,xbwLuy1UvtE5YitLOJ/FNd+VarQ=,eQkZvyoVNKr6k5qkf+iXV289SSQ=
24,50,xbwLuy1UvtE5YitLOJ/FNd+VarQ=,LS0BPUd2WLQ2I3yPbqExNynNbjk=
16,51,xbwLuy1UvtE5YitLOJ/FNd+VarQ=,eQkZvyoVNKr6k5qkf+iXV289SSQ=
20,54,xbwLuy1UvtE5YitLOJ/FNd+VarQ=,eQkZvyoVNKr6k5qkf+iXV289SSQ=
18,51,xbwLuy1UvtE5YitLOJ/FNd+VarQ=,eQkZvyoVNKr6k5qkf+iXV289SSQ=
23,50,xbwLuy1UvtE5YitLOJ/FNd+VarQ=,eQkZvyoVNKr6k5qkf+iXV289SSQ=
22,50,xbwLuy1UvtE5YitLOJ/FNd+VarQ=,eQkZvyoVNKr6k5qkf+iXV289SSQ=
24,49,xbwLuy1UvtE5YitLOJ/FNd+VarQ=,LS0BPUd2WLQ2I3yPbqExNynNbjk=
21,50,xbwLuy1UvtE5YitLOJ/FNd+VarQ=,eQkZvyoVNKr6k5qkf+iXV289SSQ=
19,54,xbwLuy1UvtE5YitLOJ/FNd+VarQ=,eQkZvyoVNKr6k5qkf+iXV289SSQ=
20,50,xbwLuy1UvtE5YitLOJ/FNd+VarQ=,eQkZvyoVNKr6k5qkf+iXV289SSQ=
19,50,xbwLuy1UvtE5YitLOJ/FNd+VarQ=,eQkZvyoVNKr6k5qkf+iXV289SSQ=
18,50,xbwLuy1UvtE5YitLOJ/FNd+VarQ=,eQkZvyoVNKr6k5qkf+iXV289SSQ=
18,54,xbwLuy1UvtE5YitLOJ/FNd+VarQ=,eQkZvyoVNKr6k5qkf+iXV289SSQ=
16,53,xbwLuy1UvtE5YitLOJ/FNd+VarQ=,eQkZvyoVNKr6k5qkf+iXV289SSQ=
17,51,xbwLuy1UvtE5YitLOJ/FNd+VarQ=,eQkZvyoVNKr6k5qkf+iXV289SSQ=
19,48,xbwLuy1UvtE5YitLOJ/FNd+VarQ=,eQkZvyoVNKr6k5qkf+iXV289SSQ=
23,48,xbwLuy1UvtE5YitLOJ/FNd+VarQ=,eQkZvyoVNKr6k5qkf+iXV289SSQ=
24,48,xbwLuy1UvtE5YitLOJ/FNd+VarQ=,LS0BPUd2WLQ2I3yPbqExNynNbjk=
30,42,xbwLuy1UvtE5YitLOJ/FNd+VarQ=,rmKAs1kO01J0OFeo8ZJxDRo6xxs=
31,47,xbwLuy1UvtE5YitLOJ/FNd+VarQ=,rmKAs1kO01J0OFeo8ZJxDRo6xxs=
29,42,xbwLuy1UvtE5YitLOJ/FNd+VarQ=,rmKAs1kO01J0OFeo8ZJxDRo6xxs=
30,47,xbwLuy1UvtE5YitLOJ/FNd+VarQ=,rmKAs1kO01J0OFeo8ZJxDRo6xxs=
29,47,xbwLuy1UvtE5YitLOJ/FNd+VarQ=,rmKAs1kO01J0OFeo8ZJxDRo6xxs=
28,47,xbwLuy1UvtE5YitLOJ/FNd+VarQ=,rmKAs1kO01J0OFeo8ZJxDRo6xxs=
27,47,xbwLuy1UvtE5YitLOJ/FNd+VarQ=,rmKAs1kO01J0OFeo8ZJxDRo6xxs=
26,47,xbwLuy1UvtE5YitLOJ/FNd+VarQ=,rmKAs1kO01J0OFeo8ZJxDRo6xxs=
28,42,xbwLuy1UvtE5YitLOJ/FNd+VarQ=,rmKAs1kO01J0OFeo8ZJxDRo6xxs=
27,42,xbwLuy1UvtE5YitLOJ/FNd+VarQ=,rmKAs1kO01J0OFeo8ZJxDRo6xxs=
26,42,xbwLuy1UvtE5YitLOJ/FNd+VarQ=,rmKAs1kO01J0OFeo8ZJxDRo6xxs=
25,42,xbwLuy1UvtE5YitLOJ/FNd+VarQ=,rmKAs1kO01J0OFeo8ZJxDRo6xxs=
31,41,xbwLuy1UvtE5YitLOJ/FNd+VarQ=,rmKAs1kO01J0OFeo8ZJxDRo6xxs=
30,41,xbwLuy1UvtE5YitLOJ/FNd+VarQ=,rmKAs1kO01J0OFeo8ZJxDRo6xxs=
29,41,xbwLuy1UvtE5YitLOJ/FNd+VarQ=,rmKAs1kO01J0OFeo8ZJxDRo6xxs=
31,46,xbwLuy1UvtE5YitLOJ/FNd+VarQ=,rmKAs1kO01J0OFeo8ZJxDRo6xxs=
27,41,xbwLuy1UvtE5YitLOJ/FNd+VarQ=,rmKAs1kO01J0OFeo8ZJxDRo6xxs=
26,41,xbwLuy1UvtE5YitLOJ/FNd+VarQ=,rmKAs1kO01J0OFeo8ZJxDRo6xxs=
28,41,xbwLuy1UvtE5YitLOJ/FNd+VarQ=,rmKAs1kO01J0OFeo8ZJxDRo6xxs=
30,46,xbwLuy1UvtE5YitLOJ/FNd+VarQ=,rmKAs1kO01J0OFeo8ZJxDRo6xxs=
25,41,xbwLuy1UvtE5YitLOJ/FNd+VarQ=,rmKAs1kO01J0OFeo8ZJxDRo6xxs=
29,46,xbwLuy1UvtE5YitLOJ/FNd+VarQ=,rmKAs1kO01J0OFeo8ZJxDRo6xxs=
28,46,xbwLuy1UvtE5YitLOJ/FNd+VarQ=,rmKAs1kO01J0OFeo8ZJxDRo6xxs=
26,46,xbwLuy1UvtE5YitLOJ/FNd+VarQ=,rmKAs1kO01J0OFeo8ZJxDRo6xxs=
31,45,xbwLuy1UvtE5YitLOJ/FNd+VarQ=,rmKAs1kO01J0OFeo8ZJxDRo6xxs=
27,46,xbwLuy1UvtE5YitLOJ/FNd+VarQ=,rmKAs1kO01J0OFeo8ZJxDRo6xxs=
30,45,xbwLuy1UvtE5YitLOJ/FNd+VarQ=,rmKAs1kO01J0OFeo8ZJxDRo6xxs=
29,45,xbwLuy1UvtE5YitLOJ/FNd+VarQ=,rmKAs1kO01J0OFeo8ZJxDRo6xxs=
28,45,xbwLuy1UvtE5YitLOJ/FNd+VarQ=,rmKAs1kO01J0OFeo8ZJxDRo6xxs=
27,45,xbwLuy1UvtE5YitLOJ/FNd+VarQ=,rmKAs1kO01J0OFeo8ZJxDRo6xxs=
26,45,xbwLuy1UvtE5YitLOJ/FNd+VarQ=,rmKAs1kO01J0OFeo8ZJxDRo6xxs=
31,44,xbwLuy1UvtE5YitLOJ/FNd+VarQ=,rmKAs1kO01J0OFeo8ZJxDRo6xxs=
30,44,xbwLuy1UvtE5YitLOJ/FNd+VarQ=,rmKAs1kO01J0OFeo8ZJxDRo6xxs=
29,44,xbwLuy1UvtE5YitLOJ/FNd+VarQ=,rmKAs1kO01J0OFeo8ZJxDRo6xxs=
28,44,xbwLuy1UvtE5YitLOJ/FNd+VarQ=,rmKAs1kO01J0OFeo8ZJxDRo6xxs=
27,44,xbwLuy1UvtE5YitLOJ/FNd+VarQ=,rmKAs1kO01J0OFeo8ZJxDRo6xxs=
26,44,xbwLuy1UvtE5YitLOJ/FNd+VarQ=,rmKAs1kO01J0OFeo8ZJxDRo6xxs=
25,44,xbwLuy1UvtE5YitLOJ/FNd+VarQ=,rmKAs1kO01J0OFeo8ZJxDRo6xxs=
31,43,xbwLuy1UvtE5YitLOJ/FNd+VarQ=,rmKAs1kO01J0OFeo8ZJxDRo6xxs=
30,43,xbwLuy1UvtE5YitLOJ/FNd+VarQ=,rmKAs1kO01J0OFeo8ZJxDRo6xxs=
29,43,xbwLuy1UvtE5YitLOJ/FNd+VarQ=,rmKAs1kO01J0OFeo8ZJxDRo6xxs=
25,45,xbwLuy1UvtE5YitLOJ/FNd+VarQ=,rmKAs1kO01J0OFeo8ZJxDRo6xxs=
25,47,xbwLuy1UvtE5YitLOJ/FNd+VarQ=,rmKAs1kO01J0OFeo8ZJxDRo6xxs=
28,43,xbwLuy1UvtE5YitLOJ/FNd+VarQ=,rmKAs1kO01J0OFeo8ZJxDRo6xxs=
25,46,xbwLuy1UvtE5YitLOJ/FNd+VarQ=,rmKAs1kO01J0OFeo8ZJxDRo6xxs=
27,43,xbwLuy1UvtE5YitLOJ/FNd+VarQ=,rmKAs1kO01J0OFeo8ZJxDRo6xxs=
25,43,xbwLuy1UvtE5YitLOJ/FNd+VarQ=,rmKAs1kO01J0OFeo8ZJxDRo6xxs=
26,43,xbwLuy1UvtE5YitLOJ/FNd+VarQ=,rmKAs1kO01J0OFeo8ZJxDRo6xxs=
31,42,xbwLuy1UvtE5YitLOJ/FNd+VarQ=,rmKAs1kO01J0OFeo8ZJxDRo6xxs=
28,35,xbwLuy1UvtE5YitLOJ/FNd+VarQ=,dexh/RwSnvCrF4AlcUVKpWXJHlQ=
29,35,xbwLuy1UvtE5YitLOJ/FNd+VarQ=,dexh/RwSnvCrF4AlcUVKpWXJHlQ=
30,35,xbwLuy1UvtE5YitLOJ/FNd+VarQ=,dexh/RwSnvCrF4AlcUVKpWXJHlQ=
31,35,xbwLuy1UvtE5YitLOJ/FNd+VarQ=,dexh/RwSnvCrF4AlcUVKpWXJHlQ=
24,36,xbwLuy1UvtE5YitLOJ/FNd+VarQ=,dexh/RwSnvCrF4AlcUVKpWXJHlQ=
25,36,xbwLuy1UvtE5YitLOJ/FNd+VarQ=,dexh/RwSnvCrF4AlcUVKpWXJHlQ=
31,39,xbwLuy1UvtE5YitLOJ/FNd+VarQ=,dexh/RwSnvCrF4AlcUVKpWXJHlQ=
30,39,xbwLuy1UvtE5YitLOJ/FNd+VarQ=,dexh/RwSnvCrF4AlcUVKpWXJHlQ=
25,35,xbwLuy1UvtE5YitLOJ/FNd+VarQ=,dexh/RwSnvCrF4AlcUVKpWXJHlQ=
29,39,xbwLuy1UvtE5YitLOJ/FNd+VarQ=,dexh/RwSnvCrF4AlcUVKpWXJHlQ=
28,39,xbwLuy1UvtE5YitLOJ/FNd+VarQ=,dexh/RwSnvCrF4AlcUVKpWXJHlQ=
27,39,xbwLuy1UvtE5YitLOJ/FNd+VarQ=,dexh/RwSnvCrF4AlcUVKpWXJHlQ=
24,35,xbwLuy1UvtE5YitLOJ/FNd+VarQ=,dexh/RwSnvCrF4AlcUVKpWXJHlQ=
31,34,xbwLuy1UvtE5YitLOJ/FNd+VarQ=,dexh/RwSnvCrF4AlcUVKpWXJHlQ=
30,34,xbwLuy1UvtE5YitLOJ/FNd+VarQ=,dexh/RwSnvCrF4AlcUVKpWXJHlQ=
29,34,xbwLuy1UvtE5YitLOJ/FNd+VarQ=,dexh/RwSnvCrF4AlcUVKpWXJHlQ=
26,35,xbwLuy1UvtE5YitLOJ/FNd+VarQ=,dexh/RwSnvCrF4AlcUVKpWXJHlQ=
26,39,xbwLuy1UvtE5YitLOJ/FNd+VarQ=,dexh/RwSnvCrF4AlcUVKpWXJHlQ=
27,35,xbwLuy1UvtE5YitLOJ/FNd+VarQ=,dexh/RwSnvCrF4AlcUVKpWXJHlQ=
26,36,xbwLuy1UvtE5YitLOJ/FNd+VarQ=,dexh/RwSnvCrF4AlcUVKpWXJHlQ=
28,34,xbwLuy1UvtE5YitLOJ/FNd+VarQ=,dexh/RwSnvCrF4AlcUVKpWXJHlQ=
25,34,xbwLuy1UvtE5YitLOJ/FNd+VarQ=,dexh/RwSnvCrF4AlcUVKpWXJHlQ=
26,34,xbwLuy1UvtE5YitLOJ/FNd+VarQ=,dexh/RwSnvCrF4AlcUVKpWXJHlQ=
24,34,xbwLuy1UvtE5YitLOJ/FNd+VarQ=,dexh/RwSnvCrF4AlcUVKpWXJHlQ=
31,33,xbwLuy1UvtE5YitLOJ/FNd+VarQ=,dexh/RwSnvCrF4AlcUVKpWXJHlQ=
30,33,xbwLuy1UvtE5YitLOJ/FNd+VarQ=,dexh/RwSnvCrF4AlcUVKpWXJHlQ=
29,33,xbwLuy1UvtE5YitLOJ/FNd+VarQ=,dexh/RwSnvCrF4AlcUVKpWXJHlQ=
28,33,xbwLuy1UvtE5YitLOJ/FNd+VarQ=,dexh/RwSnvCrF4AlcUVKpWXJHlQ=
27,36,xbwLuy1UvtE5YitLOJ/FNd+VarQ=,dexh/RwSnvCrF4AlcUVKpWXJHlQ=
28,36,xbwLuy1UvtE5YitLOJ/FNd+VarQ=,dexh/RwSnvCrF4AlcUVKpWXJHlQ=
29,36,xbwLuy1UvtE5YitLOJ/FNd+VarQ=,dexh/RwSnvCrF4AlcUVKpWXJHlQ=
30,36,xbwLuy1UvtE5YitLOJ/FNd+VarQ=,dexh/RwSnvCrF4AlcUVKpWXJHlQ=
31,36,xbwLuy1UvtE5YitLOJ/FNd+VarQ=,dexh/RwSnvCrF4AlcUVKpWXJHlQ=
24,37,xbwLuy1UvtE5YitLOJ/FNd+VarQ=,dexh/RwSnvCrF4AlcUVKpWXJHlQ=
31,38,xbwLuy1UvtE5YitLOJ/FNd+VarQ=,dexh/RwSnvCrF4AlcUVKpWXJHlQ=
30,38,xbwLuy1UvtE5YitLOJ/FNd+VarQ=,dexh/RwSnvCrF4AlcUVKpWXJHlQ=
29,38,xbwLuy1UvtE5YitLOJ/FNd+VarQ=,dexh/RwSnvCrF4AlcUVKpWXJHlQ=
27,34,xbwLuy1UvtE5YitLOJ/FNd+VarQ=,dexh/RwSnvCrF4AlcUVKpWXJHlQ=
28,38,xbwLuy1UvtE5YitLOJ/FNd+VarQ=,dexh/RwSnvCrF4AlcUVKpWXJHlQ=
25,33,xbwLuy1UvtE5YitLOJ/FNd+VarQ=,dexh/RwSnvCrF4AlcUVKpWXJHlQ=
24,33,xbwLuy1UvtE5YitLOJ/FNd+VarQ=,dexh/RwSnvCrF4AlcUVKpWXJHlQ=
31,32,xbwLuy1UvtE5YitLOJ/FNd+VarQ=,dexh/RwSnvCrF4AlcUVKpWXJHlQ=
27,38,xbwLuy1UvtE5YitLOJ/FNd+VarQ=,dexh/RwSnvCrF4AlcUVKpWXJHlQ=
30,32,xbwLuy1UvtE5YitLOJ/FNd+VarQ=,dexh/RwSnvCrF4AlcUVKpWXJHlQ=
29,32,xbwLuy1UvtE5YitLOJ/FNd+VarQ=,dexh/RwSnvCrF4AlcUVKpWXJHlQ=
28,32,xbwLuy1UvtE5YitLOJ/FNd+VarQ=,dexh/RwSnvCrF4AlcUVKpWXJHlQ=
25,40,xbwLuy1UvtE5YitLOJ/FNd+VarQ=,rmKAs1kO01J0OFeo8ZJxDRo6xxs=
27,32,xbwLuy1UvtE5YitLOJ/FNd+VarQ=,dexh/RwSnvCrF4AlcUVKpWXJHlQ=
27,33,xbwLuy1UvtE5YitLOJ/FNd+VarQ=,dexh/RwSnvCrF4AlcUVKpWXJHlQ=
26,33,xbwLuy1UvtE5YitLOJ/FNd+VarQ=,dexh/RwSnvCrF4AlcUVKpWXJHlQ=
25,37,xbwLuy1UvtE5YitLOJ/FNd+VarQ=,dexh/RwSnvCrF4AlcUVKpWXJHlQ=
26,40,xbwLuy1UvtE5YitLOJ/FNd+VarQ=,rmKAs1kO01J0OFeo8ZJxDRo6xxs=
24,32,xbwLuy1UvtE5YitLOJ/FNd+VarQ=,dexh/RwSnvCrF4AlcUVKpWXJHlQ=
26,32,xbwLuy1UvtE5YitLOJ/FNd+VarQ=,dexh/RwSnvCrF4AlcUVKpWXJHlQ=
31,37,xbwLuy1UvtE5YitLOJ/FNd+VarQ=,dexh/RwSnvCrF4AlcUVKpWXJHlQ=
30,37,xbwLuy1UvtE5YitLOJ/FNd+VarQ=,dexh/RwSnvCrF4AlcUVKpWXJHlQ=
29,37,xbwLuy1UvtE5YitLOJ/FNd+VarQ=,dexh/RwSnvCrF4AlcUVKpWXJHlQ=
31,40,xbwLuy1UvtE5YitLOJ/FNd+VarQ=,rmKAs1kO01J0OFeo8ZJxDRo6xxs=
30,40,xbwLuy1UvtE5YitLOJ/FNd+VarQ=,rmKAs1kO01J0OFeo8ZJxDRo6xxs=
29,40,xbwLuy1UvtE5YitLOJ/FNd+VarQ=,rmKAs1kO01J0OFeo8ZJxDRo6xxs=
28,40,xbwLuy1UvtE5YitLOJ/FNd+VarQ=,rmKAs1kO01J0OFeo8ZJxDRo6xxs=
28,37,xbwLuy1UvtE5YitLOJ/FNd+VarQ=,dexh/RwSnvCrF4AlcUVKpWXJHlQ=
27,40,xbwLuy1UvtE5YitLOJ/FNd+VarQ=,rmKAs1kO01J0OFeo8ZJxDRo6xxs=
26,38,xbwLuy1UvtE5YitLOJ/FNd+VarQ=,dexh/RwSnvCrF4AlcUVKpWXJHlQ=
25,39,xbwLuy1UvtE5YitLOJ/FNd+VarQ=,dexh/RwSnvCrF4AlcUVKpWXJHlQ=
25,32,xbwLuy1UvtE5YitLOJ/FNd+VarQ=,dexh/RwSnvCrF4AlcUVKpWXJHlQ=
24,38,xbwLuy1UvtE5YitLOJ/FNd+VarQ=,dexh/RwSnvCrF4AlcUVKpWXJHlQ=
27,37,xbwLuy1UvtE5YitLOJ/FNd+VarQ=,dexh/RwSnvCrF4AlcUVKpWXJHlQ=
26,37,xbwLuy1UvtE5YitLOJ/FNd+VarQ=,dexh/RwSnvCrF4AlcUVKpWXJHlQ=
25,38,xbwLuy1UvtE5YitLOJ/FNd+VarQ=,dexh/RwSnvCrF4AlcUVKpWXJHlQ=
23,43,xbwLuy1UvtE5YitLOJ/FNd+VarQ=,i9GHRyaLRRbVt2rT7h8SKmTDUrg=
17,41,xbwLuy1UvtE5YitLOJ/FNd+VarQ=,i9GHRyaLRRbVt2rT7h8SKmTDUrg=
24,42,xbwLuy1UvtE5YitLOJ/FNd+VarQ=,rmKAs1kO01J0OFeo8ZJxDRo6xxs=
18,43,xbwLuy1UvtE5YitLOJ/FNd+VarQ=,i9GHRyaLRRbVt2rT7h8SKmTDUrg=
24,39,xbwLuy1UvtE5YitLOJ/FNd+VarQ=,dexh/RwSnvCrF4AlcUVKpWXJHlQ=
19,40,xbwLuy1UvtE5YitLOJ/FNd+VarQ=,i9GHRyaLRRbVt2rT7h8SKmTDUrg=
19,44,xbwLuy1UvtE5YitLOJ/FNd+VarQ=,i9GHRyaLRRbVt2rT7h8SKmTDUrg=
22,43,xbwLuy1UvtE5YitLOJ/FNd+VarQ=,i9GHRyaLRRbVt2rT7h8SKmTDUrg=
18,40,xbwLuy1UvtE5YitLOJ/FNd+VarQ=,i9GHRyaLRRbVt2rT7h8SKmTDUrg=
24,41,xbwLuy1UvtE5YitLOJ/FNd+VarQ=,rmKAs1kO01J0OFeo8ZJxDRo6xxs=
24,47,xbwLuy1UvtE5YitLOJ/FNd+VarQ=,rmKAs1kO01J0OFeo8ZJxDRo6xxs=
16,41,xbwLuy1UvtE5YitLOJ/FNd+VarQ=,i9GHRyaLRRbVt2rT7h8SKmTDUrg=
22,44,xbwLuy1UvtE5YitLOJ/FNd+VarQ=,i9GHRyaLRRbVt2rT7h8SKmTDUrg=
24,43,xbwLuy1UvtE5YitLOJ/FNd+VarQ=,rmKAs1kO01J0OFeo8ZJxDRo6xxs=
17,43,xbwLuy1UvtE5YitLOJ/FNd+VarQ=,i9GHRyaLRRbVt2rT7h8SKmTDUrg=
23,42,xbwLuy1UvtE5YitLOJ/FNd+VarQ=,i9GHRyaLRRbVt2rT7h8SKmTDUrg=
16,43,xbwLuy1UvtE5YitLOJ/FNd+VarQ=,i9GHRyaLRRbVt2rT7h8SKmTDUrg=
23,44,xbwLuy1UvtE5YitLOJ/FNd+VarQ=,i9GHRyaLRRbVt2rT7h8SKmTDUrg=
21,43,xbwLuy1UvtE5YitLOJ/FNd+VarQ=,i9GHRyaLRRbVt2rT7h8SKmTDUrg=
22,42,xbwLuy1UvtE5YitLOJ/FNd+VarQ=,i9GHRyaLRRbVt2rT7h8SKmTDUrg=
20,42,xbwLuy1UvtE5YitLOJ/FNd+VarQ=,i9GHRyaLRRbVt2rT7h8SKmTDUrg=
16,45,xbwLuy1UvtE5YitLOJ/FNd+VarQ=,i9GHRyaLRRbVt2rT7h8SKmTDUrg=
21,42,xbwLuy1UvtE5YitLOJ/FNd+VarQ=,i9GHRyaLRRbVt2rT7h8SKmTDUrg=
23,40,xbwLuy1UvtE5YitLOJ/FNd+VarQ=,i9GHRyaLRRbVt2rT7h8SKmTDUrg=
22,47,xbwLuy1UvtE5YitLOJ/FNd+VarQ=,i9GHRyaLRRbVt2rT7h8SKmTDUrg=
23,47,xbwLuy1UvtE5YitLOJ/FNd+VarQ=,i9GHRyaLRRbVt2rT7h8SKmTDUrg=
17,42,xbwLuy1UvtE5YitLOJ/FNd+VarQ=,i9GHRyaLRRbVt2rT7h8SKmTDUrg=
17,45,xbwLuy1UvtE5YitLOJ/FNd+VarQ=,i9GHRyaLRRbVt2rT7h8SKmTDUrg=
22,40,xbwLuy1UvtE5YitLOJ/FNd+VarQ=,i9GHRyaLRRbVt2rT7h8SKmTDUrg=
21,47,xbwLuy1UvtE5YitLOJ/FNd+VarQ=,i9GHRyaLRRbVt2rT7h8SKmTDUrg=
24,40,xbwLuy1UvtE5YitLOJ/FNd+VarQ=,rmKAs1kO01J0OFeo8ZJxDRo6xxs=
19,42,xbwLuy1UvtE5YitLOJ/FNd+VarQ=,i9GHRyaLRRbVt2rT7h8SKmTDUrg=
20,47,xbwLuy1UvtE5YitLOJ/FNd+VarQ=,i9GHRyaLRRbVt2rT7h8SKmTDUrg=
18,47,xbwLuy1UvtE5YitLOJ/FNd+VarQ=,i9GHRyaLRRbVt2rT7h8SKmTDUrg=
21,40,xbwLuy1UvtE5YitLOJ/FNd+VarQ=,i9GHRyaLRRbVt2rT7h8SKmTDUrg=
17,47,xbwLuy1UvtE5YitLOJ/FNd+VarQ=,i9GHRyaLRRbVt2rT7h8SKmTDUrg=
16,47,xbwLuy1UvtE5YitLOJ/FNd+VarQ=,i9GHRyaLRRbVt2rT7h8SKmTDUrg=
19,47,xbwLuy1UvtE5YitLOJ/FNd+VarQ=,i9GHRyaLRRbVt2rT7h8SKmTDUrg=
16,44,xbwLuy1UvtE5YitLOJ/FNd+VarQ=,i9GHRyaLRRbVt2rT7h8SKmTDUrg=
22,46,xbwLuy1UvtE5YitLOJ/FNd+VarQ=,i9GHRyaLRRbVt2rT7h8SKmTDUrg=
20,43,xbwLuy1UvtE5YitLOJ/FNd+VarQ=,i9GHRyaLRRbVt2rT7h8SKmTDUrg=
21,46,xbwLuy1UvtE5YitLOJ/FNd+VarQ=,i9GHRyaLRRbVt2rT7h8SKmTDUrg=
23,46,xbwLuy1UvtE5YitLOJ/FNd+VarQ=,i9GHRyaLRRbVt2rT7h8SKmTDUrg=
17,40,xbwLuy1UvtE5YitLOJ/FNd+VarQ=,i9GHRyaLRRbVt2rT7h8SKmTDUrg=
16,42,xbwLuy1UvtE5YitLOJ/FNd+VarQ=,i9GHRyaLRRbVt2rT7h8SKmTDUrg=
24,46,xbwLuy1UvtE5YitLOJ/FNd+VarQ=,rmKAs1kO01J0OFeo8ZJxDRo6xxs=
20,46,xbwLuy1UvtE5YitLOJ/FNd+VarQ=,i9GHRyaLRRbVt2rT7h8SKmTDUrg=
19,43,xbwLuy1UvtE5YitLOJ/FNd+VarQ=,i9GHRyaLRRbVt2rT7h8SKmTDUrg=
19,46,xbwLuy1UvtE5YitLOJ/FNd+VarQ=,i9GHRyaLRRbVt2rT7h8SKmTDUrg=
18,45,xbwLuy1UvtE5YitLOJ/FNd+VarQ=,i9GHRyaLRRbVt2rT7h8SKmTDUrg=
18,46,xbwLuy1UvtE5YitLOJ/FNd+VarQ=,i9GHRyaLRRbVt2rT7h8SKmTDUrg=
18,41,xbwLuy1UvtE5YitLOJ/FNd+VarQ=,i9GHRyaLRRbVt2rT7h8SKmTDUrg=
21,41,xbwLuy1UvtE5YitLOJ/FNd+VarQ=,i9GHRyaLRRbVt2rT7h8SKmTDUrg=
20,41,xbwLuy1UvtE5YitLOJ/FNd+VarQ=,i9GHRyaLRRbVt2rT7h8SKmTDUrg=
16,40,xbwLuy1UvtE5YitLOJ/FNd+VarQ=,i9GHRyaLRRbVt2rT7h8SKmTDUrg=
17,46,xbwLuy1UvtE5YitLOJ/FNd+VarQ=,i9GHRyaLRRbVt2rT7h8SKmTDUrg=
24,45,xbwLuy1UvtE5YitLOJ/FNd+VarQ=,rmKAs1kO01J0OFeo8ZJxDRo6xxs=
18,42,xbwLuy1UvtE5YitLOJ/FNd+VarQ=,i9GHRyaLRRbVt2rT7h8SKmTDUrg=
17,44,xbwLuy1UvtE5YitLOJ/FNd+VarQ=,i9GHRyaLRRbVt2rT7h8SKmTDUrg=
16,46,xbwLuy1UvtE5YitLOJ/FNd+VarQ=,i9GHRyaLRRbVt2rT7h8SKmTDUrg=
19,41,xbwLuy1UvtE5YitLOJ/FNd+VarQ=,i9GHRyaLRRbVt2rT7h8SKmTDUrg=
19,45,xbwLuy1UvtE5YitLOJ/FNd+VarQ=,i9GHRyaLRRbVt2rT7h8SKmTDUrg=
24,44,xbwLuy1UvtE5YitLOJ/FNd+VarQ=,rmKAs1kO01J0OFeo8ZJxDRo6xxs=
21,44,xbwLuy1UvtE5YitLOJ/FNd+VarQ=,i9GHRyaLRRbVt2rT7h8SKmTDUrg=
18,44,xbwLuy1UvtE5YitLOJ/FNd+VarQ=,i9GHRyaLRRbVt2rT7h8SKmTDUrg=
22,41,xbwLuy1UvtE5YitLOJ/FNd+VarQ=,i9GHRyaLRRbVt2rT7h8SKmTDUrg=
21,45,xbwLuy1UvtE5YitLOJ/FNd+VarQ=,i9GHRyaLRRbVt2rT7h8SKmTDUrg=
20,44,xbwLuy1UvtE5YitLOJ/FNd+VarQ=,i9GHRyaLRRbVt2rT7h8SKmTDUrg=
22,45,xbwLuy1UvtE5YitLOJ/FNd+VarQ=,i9GHRyaLRRbVt2rT7h8SKmTDUrg=
20,45,xbwLuy1UvtE5YitLOJ/FNd+VarQ=,i9GHRyaLRRbVt2rT7h8SKmTDUrg=
23,41,xbwLuy1UvtE5YitLOJ/FNd+VarQ=,i9GHRyaLRRbVt2rT7h8SKmTDUrg=
23,45,xbwLuy1UvtE5YitLOJ/FNd+VarQ=,i9GHRyaLRRbVt2rT7h8SKmTDUrg=
20,40,xbwLuy1UvtE5YitLOJ/FNd+VarQ=,i9GHRyaLRRbVt2rT7h8SKmTDUrg=
