20,-37,y++5ByFk4MGuXJiRNAOD4owCB04=,J72/KuOvJLVdAWJxXeVuKmWnKZk=
19,-37,y++5ByFk4MGuXJiRNAOD4owCB04=,J72/KuOvJLVdAWJxXeVuKmWnKZk=
21,-37,y++5ByFk4MGuXJiRNAOD4owCB04=,J72/KuOvJLVdAWJxXeVuKmWnKZk=
22,-37,y++5ByFk4MGuXJiRNAOD4owCB04=,J72/KuOvJLVdAWJxXeVuKmWnKZk=
17,-36,y++5ByFk4MGuXJiRNAOD4owCB04=,J72/KuOvJLVdAWJxXeVuKmWnKZk=
19,-36,y++5ByFk4MGuXJiRNAOD4owCB04=,J72/KuOvJLVdAWJxXeVuKmWnKZk=
18,-36,y++5ByFk4MGuXJiRNAOD4owCB04=,J72/KuOvJLVdAWJxXeVuKmWnKZk=
21,-36,y++5ByFk4MGuXJiRNAOD4owCB04=,J72/KuOvJLVdAWJxXeVuKmWnKZk=
20,-36,y++5ByFk4MGuXJiRNAOD4owCB04=,J72/KuOvJLVdAWJxXeVuKmWnKZk=
22,-36,y++5ByFk4MGuXJiRNAOD4owCB04=,J72/KuOvJLVdAWJxXeVuKmWnKZk=
17,-35,y++5ByFk4MGuXJiRNAOD4owCB04=,J72/KuOvJLVdAWJxXeVuKmWnKZk=
18,-35,y++5ByFk4MGuXJiRNAOD4owCB04=,J72/KuOvJLVdAWJxXeVuKmWnKZk=
19,-35,y++5ByFk4MGuXJiRNAOD4owCB04=,J72/KuOvJLVdAWJxXeVuKmWnKZk=
20,-35,y++5ByFk4MGuXJiRNAOD4owCB04=,J72/KuOvJLVdAWJxXeVuKmWnKZk=
21,-35,y++5ByFk4MGuXJiRNAOD4owCB04=,J72/KuOvJLVdAWJxXeVuKmWnKZk=
22,-35,y++5ByFk4MGuXJiRNAOD4owCB04=,J72/KuOvJLVdAWJxXeVuKmWnKZk=
17,-39,y++5ByFk4MGuXJiRNAOD4owCB04=,J72/KuOvJLVdAWJxXeVuKmWnKZk=
17,-34,y++5ByFk4MGuXJiRNAOD4owCB04=,J72/KuOvJLVdAWJxXeVuKmWnKZk=
18,-39,y++5ByFk4MGuXJiRNAOD4owCB04=,J72/KuOvJLVdAWJxXeVuKmWnKZk=
19,-39,y++5ByFk4MGuXJiRNAOD4owCB04=,J72/KuOvJLVdAWJxXeVuKmWnKZk=
20,-39,y++5ByFk4MGuXJiRNAOD4owCB04=,J72/KuOvJLVdAWJxXeVuKmWnKZk=
21,-39,y++5ByFk4MGuXJiRNAOD4owCB04=,J72/KuOvJLVdAWJxXeVuKmWnKZk=
18,-34,y++5ByFk4MGuXJiRNAOD4owCB04=,J72/KuOvJLVdAWJxXeVuKmWnKZk=
19,-34,y++5ByFk4MGuXJiRNAOD4owCB04=,J72/KuOvJLVdAWJxXeVuKmWnKZk=
20,-34,y++5ByFk4MGuXJiRNAOD4owCB04=,J72/KuOvJLVdAWJxXeVuKmWnKZk=
22,-39,y++5ByFk4MGuXJiRNAOD4owCB04=,J72/KuOvJLVdAWJxXeVuKmWnKZk=
21,-34,y++5ByFk4MGuXJiRNAOD4owCB04=,J72/KuOvJLVdAWJxXeVuKmWnKZk=
22,-34,y++5ByFk4MGuXJiRNAOD4owCB04=,J72/KuOvJLVdAWJxXeVuKmWnKZk=
18,-37,y++5ByFk4MGuXJiRNAOD4owCB04=,J72/KuOvJLVdAWJxXeVuKmWnKZk=
17,-38,y++5ByFk4MGuXJiRNAOD4owCB04=,J72/KuOvJLVdAWJxXeVuKmWnKZk=
17,-37,y++5ByFk4MGuXJiRNAOD4owCB04=,J72/KuOvJLVdAWJxXeVuKmWnKZk=
18,-38,y++5ByFk4MGuXJiRNAOD4owCB04=,J72/KuOvJLVdAWJxXeVuKmWnKZk=
21,-38,y++5ByFk4MGuXJiRNAOD4owCB04=,J72/KuOvJLVdAWJxXeVuKmWnKZk=
19,-38,y++5ByFk4MGuXJiRNAOD4owCB04=,J72/KuOvJLVdAWJxXeVuKmWnKZk=
22,-38,y++5ByFk4MGuXJiRNAOD4owCB04=,J72/KuOvJLVdAWJxXeVuKmWnKZk=
20,-38,y++5ByFk4MGuXJiRNAOD4owCB04=,J72/KuOvJLVdAWJxXeVuKmWnKZk=
18,-33,y++5ByFk4MGuXJiRNAOD4owCB04=,J72/KuOvJLVdAWJxXeVuKmWnKZk=
17,-33,y++5ByFk4MGuXJiRNAOD4owCB04=,J72/KuOvJLVdAWJxXeVuKmWnKZk=
19,-33,y++5ByFk4MGuXJiRNAOD4owCB04=,J72/KuOvJLVdAWJxXeVuKmWnKZk=
20,-33,y++5ByFk4MGuXJiRNAOD4owCB04=,J72/KuOvJLVdAWJxXeVuKmWnKZk=
21,-33,y++5ByFk4MGuXJiRNAOD4owCB04=,J72/KuOvJLVdAWJxXeVuKmWnKZk=
22,-33,y++5ByFk4MGuXJiRNAOD4owCB04=,J72/KuOvJLVdAWJxXeVuKmWnKZk=
16,-36,y++5ByFk4MGuXJiRNAOD4owCB04=,J72/KuOvJLVdAWJxXeVuKmWnKZk=
16,-35,y++5ByFk4MGuXJiRNAOD4owCB04=,J72/KuOvJLVdAWJxXeVuKmWnKZk=
16,-37,y++5ByFk4MGuXJiRNAOD4owCB04=,J72/KuOvJLVdAWJxXeVuKmWnKZk=
16,-34,y++5ByFk4MGuXJiRNAOD4owCB04=,J72/KuOvJLVdAWJxXeVuKmWnKZk=
16,-33,y++5ByFk4MGuXJiRNAOD4owCB04=,J72/KuOvJLVdAWJxXeVuKmWnKZk=
16,-38,y++5ByFk4MGuXJiRNAOD4owCB04=,J72/KuOvJLVdAWJxXeVuKmWnKZk=
16,-39,y++5ByFk4MGuXJiRNAOD4owCB04=,J72/KuOvJLVdAWJxXeVuKmWnKZk=
23,-33,y++5ByFk4MGuXJiRNAOD4owCB04=,J72/KuOvJLVdAWJxXeVuKmWnKZk=
28,-35,y++5ByFk4MGuXJiRNAOD4owCB04=,Uj2k01PsXnwzDMxQHNGwuCJ8Vio=
24,-38,y++5ByFk4MGuXJiRNAOD4owCB04=,Uj2k01PsXnwzDMxQHNGwuCJ8Vio=
27,-35,y++5ByFk4MGuXJiRNAOD4owCB04=,Uj2k01PsXnwzDMxQHNGwuCJ8Vio=
29,-36,y++5ByFk4MGuXJiRNAOD4owCB04=,Uj2k01PsXnwzDMxQHNGwuCJ8Vio=
24,-37,y++5ByFk4MGuXJiRNAOD4owCB04=,Uj2k01PsXnwzDMxQHNGwuCJ8Vio=
25,-38,y++5ByFk4MGuXJiRNAOD4owCB04=,Uj2k01PsXnwzDMxQHNGwuCJ8Vio=
25,-37,y++5ByFk4MGuXJiRNAOD4owCB04=,Uj2k01PsXnwzDMxQHNGwuCJ8Vio=
26,-38,y++5ByFk4MGuXJiRNAOD4owCB04=,Uj2k01PsXnwzDMxQHNGwuCJ8Vio=
26,-35,y++5ByFk4MGuXJiRNAOD4owCB04=,Uj2k01PsXnwzDMxQHNGwuCJ8Vio=
28,-36,y++5ByFk4MGuXJiRNAOD4owCB04=,Uj2k01PsXnwzDMxQHNGwuCJ8Vio=
23,-38,y++5ByFk4MGuXJiRNAOD4owCB04=,J72/KuOvJLVdAWJxXeVuKmWnKZk=
29,-35,y++5ByFk4MGuXJiRNAOD4owCB04=,Uj2k01PsXnwzDMxQHNGwuCJ8Vio=
23,-34,y++5ByFk4MGuXJiRNAOD4owCB04=,J72/KuOvJLVdAWJxXeVuKmWnKZk=
27,-36,y++5ByFk4MGuXJiRNAOD4owCB04=,Uj2k01PsXnwzDMxQHNGwuCJ8Vio=
23,-39,y++5ByFk4MGuXJiRNAOD4owCB04=,J72/KuOvJLVdAWJxXeVuKmWnKZk=
25,-35,y++5ByFk4MGuXJiRNAOD4owCB04=,Uj2k01PsXnwzDMxQHNGwuCJ8Vio=
26,-36,y++5ByFk4MGuXJiRNAOD4owCB04=,Uj2k01PsXnwzDMxQHNGwuCJ8Vio=
31,-37,y++5ByFk4MGuXJiRNAOD4owCB04=,Uj2k01PsXnwzDMxQHNGwuCJ8Vio=
31,-33,y++5ByFk4MGuXJiRNAOD4owCB04=,Uj2k01PsXnwzDMxQHNGwuCJ8Vio=
29,-37,y++5ByFk4MGuXJiRNAOD4owCB04=,Uj2k01PsXnwzDMxQHNGwuCJ8Vio=
23,-35,y++5ByFk4MGuXJiRNAOD4owCB04=,J72/KuOvJLVdAWJxXeVuKmWnKZk=
27,-33,y++5ByFk4MGuXJiRNAOD4owCB04=,Uj2k01PsXnwzDMxQHNGwuCJ8Vio=
26,-33,y++5ByFk4MGuXJiRNAOD4owCB04=,Uj2k01PsXnwzDMxQHNGwuCJ8Vio=
25,-33,y++5ByFk4MGuXJiRNAOD4owCB04=,Uj2k01PsXnwzDMxQHNGwuCJ8Vio=
23,-36,y++5ByFk4MGuXJiRNAOD4owCB04=,J72/KuOvJLVdAWJxXeVuKmWnKZk=
24,-33,y++5ByFk4MGuXJiRNAOD4owCB04=,Uj2k01PsXnwzDMxQHNGwuCJ8Vio=
30,-38,y++5ByFk4MGuXJiRNAOD4owCB04=,Uj2k01PsXnwzDMxQHNGwuCJ8Vio=
24,-35,y++5ByFk4MGuXJiRNAOD4owCB04=,Uj2k01PsXnwzDMxQHNGwuCJ8Vio=
29,-38,y++5ByFk4MGuXJiRNAOD4owCB04=,Uj2k01PsXnwzDMxQHNGwuCJ8Vio=
28,-37,y++5ByFk4MGuXJiRNAOD4owCB04=,Uj2k01PsXnwzDMxQHNGwuCJ8Vio=
25,-36,y++5ByFk4MGuXJiRNAOD4owCB04=,Uj2k01PsXnwzDMxQHNGwuCJ8Vio=
28,-34,y++5ByFk4MGuXJiRNAOD4owCB04=,Uj2k01PsXnwzDMxQHNGwuCJ8Vio=
30,-37,y++5ByFk4MGuXJiRNAOD4owCB04=,Uj2k01PsXnwzDMxQHNGwuCJ8Vio=
28,-33,y++5ByFk4MGuXJiRNAOD4owCB04=,Uj2k01PsXnwzDMxQHNGwuCJ8Vio=
28,-38,y++5ByFk4MGuXJiRNAOD4owCB04=,Uj2k01PsXnwzDMxQHNGwuCJ8Vio=
31,-34,y++5ByFk4MGuXJiRNAOD4owCB04=,Uj2k01PsXnwzDMxQHNGwuCJ8Vio=
31,-36,y++5ByFk4MGuXJiRNAOD4owCB04=,Uj2k01PsXnwzDMxQHNGwuCJ8Vio=
30,-33,y++5ByFk4MGuXJiRNAOD4owCB04=,Uj2k01PsXnwzDMxQHNGwuCJ8Vio=
27,-34,y++5ByFk4MGuXJiRNAOD4owCB04=,Uj2k01PsXnwzDMxQHNGwuCJ8Vio=
31,-38,y++5ByFk4MGuXJiRNAOD4owCB04=,Uj2k01PsXnwzDMxQHNGwuCJ8Vio=
30,-39,y++5ByFk4MGuXJiRNAOD4owCB04=,Uj2k01PsXnwzDMxQHNGwuCJ8Vio=
29,-39,y++5ByFk4MGuXJiRNAOD4owCB04=,Uj2k01PsXnwzDMxQHNGwuCJ8Vio=
29,-33,y++5ByFk4MGuXJiRNAOD4owCB04=,Uj2k01PsXnwzDMxQHNGwuCJ8Vio=
27,-37,y++5ByFk4MGuXJiRNAOD4owCB04=,Uj2k01PsXnwzDMxQHNGwuCJ8Vio=
28,-39,y++5ByFk4MGuXJiRNAOD4owCB04=,Uj2k01PsXnwzDMxQHNGwuCJ8Vio=
26,-34,y++5ByFk4MGuXJiRNAOD4owCB04=,Uj2k01PsXnwzDMxQHNGwuCJ8Vio=
27,-39,y++5ByFk4MGuXJiRNAOD4owCB04=,Uj2k01PsXnwzDMxQHNGwuCJ8Vio=
26,-39,y++5ByFk4MGuXJiRNAOD4owCB04=,Uj2k01PsXnwzDMxQHNGwuCJ8Vio=
30,-35,y++5ByFk4MGuXJiRNAOD4owCB04=,Uj2k01PsXnwzDMxQHNGwuCJ8Vio=
24,-36,y++5ByFk4MGuXJiRNAOD4owCB04=,Uj2k01PsXnwzDMxQHNGwuCJ8Vio=
23,-37,y++5ByFk4MGuXJiRNAOD4owCB04=,J72/KuOvJLVdAWJxXeVuKmWnKZk=
27,-38,y++5ByFk4MGuXJiRNAOD4owCB04=,Uj2k01PsXnwzDMxQHNGwuCJ8Vio=
25,-39,y++5ByFk4MGuXJiRNAOD4owCB04=,Uj2k01PsXnwzDMxQHNGwuCJ8Vio=
24,-39,y++5ByFk4MGuXJiRNAOD4owCB04=,Uj2k01PsXnwzDMxQHNGwuCJ8Vio=
25,-34,y++5ByFk4MGuXJiRNAOD4owCB04=,Uj2k01PsXnwzDMxQHNGwuCJ8Vio=
24,-34,y++5ByFk4MGuXJiRNAOD4owCB04=,Uj2k01PsXnwzDMxQHNGwuCJ8Vio=
26,-37,y++5ByFk4MGuXJiRNAOD4owCB04=,Uj2k01PsXnwzDMxQHNGwuCJ8Vio=
31,-39,y++5ByFk4MGuXJiRNAOD4owCB04=,Uj2k01PsXnwzDMxQHNGwuCJ8Vio=
31,-35,y++5ByFk4MGuXJiRNAOD4owCB04=,Uj2k01PsXnwzDMxQHNGwuCJ8Vio=
30,-34,y++5ByFk4MGuXJiRNAOD4owCB04=,Uj2k01PsXnwzDMxQHNGwuCJ8Vio=
29,-34,y++5ByFk4MGuXJiRNAOD4owCB04=,Uj2k01PsXnwzDMxQHNGwuCJ8Vio=
28,-45,y++5ByFk4MGuXJiRNAOD4owCB04=,xWdP5tnnquXW9KJRMf72EgLzFto=
29,-45,y++5ByFk4MGuXJiRNAOD4owCB04=,xWdP5tnnquXW9KJRMf72EgLzFto=
30,-45,y++5ByFk4MGuXJiRNAOD4owCB04=,xWdP5tnnquXW9KJRMf72EgLzFto=
31,-45,y++5ByFk4MGuXJiRNAOD4owCB04=,xWdP5tnnquXW9KJRMf72EgLzFto=
25,-44,y++5ByFk4MGuXJiRNAOD4owCB04=,xWdP5tnnquXW9KJRMf72EgLzFto=
26,-44,y++5ByFk4MGuXJiRNAOD4owCB04=,xWdP5tnnquXW9KJRMf72EgLzFto=
27,-44,y++5ByFk4MGuXJiRNAOD4owCB04=,xWdP5tnnquXW9KJRMf72EgLzFto=
28,-44,y++5ByFk4MGuXJiRNAOD4owCB04=,xWdP5tnnquXW9KJRMf72EgLzFto=
29,-44,y++5ByFk4MGuXJiRNAOD4owCB04=,xWdP5tnnquXW9KJRMf72EgLzFto=
30,-44,y++5ByFk4MGuXJiRNAOD4owCB04=,xWdP5tnnquXW9KJRMf72EgLzFto=
31,-44,y++5ByFk4MGuXJiRNAOD4owCB04=,xWdP5tnnquXW9KJRMf72EgLzFto=
25,-43,y++5ByFk4MGuXJiRNAOD4owCB04=,xWdP5tnnquXW9KJRMf72EgLzFto=
26,-43,y++5ByFk4MGuXJiRNAOD4owCB04=,xWdP5tnnquXW9KJRMf72EgLzFto=
28,-40,y++5ByFk4MGuXJiRNAOD4owCB04=,Uj2k01PsXnwzDMxQHNGwuCJ8Vio=
29,-40,y++5ByFk4MGuXJiRNAOD4owCB04=,Uj2k01PsXnwzDMxQHNGwuCJ8Vio=
30,-40,y++5ByFk4MGuXJiRNAOD4owCB04=,Uj2k01PsXnwzDMxQHNGwuCJ8Vio=
30,-36,y++5ByFk4MGuXJiRNAOD4owCB04=,Uj2k01PsXnwzDMxQHNGwuCJ8Vio=
27,-45,y++5ByFk4MGuXJiRNAOD4owCB04=,xWdP5tnnquXW9KJRMf72EgLzFto=
26,-45,y++5ByFk4MGuXJiRNAOD4owCB04=,xWdP5tnnquXW9KJRMf72EgLzFto=
31,-46,y++5ByFk4MGuXJiRNAOD4owCB04=,xWdP5tnnquXW9KJRMf72EgLzFto=
25,-45,y++5ByFk4MGuXJiRNAOD4owCB04=,xWdP5tnnquXW9KJRMf72EgLzFto=
30,-46,y++5ByFk4MGuXJiRNAOD4owCB04=,xWdP5tnnquXW9KJRMf72EgLzFto=
29,-46,y++5ByFk4MGuXJiRNAOD4owCB04=,xWdP5tnnquXW9KJRMf72EgLzFto=
28,-46,y++5ByFk4MGuXJiRNAOD4owCB04=,xWdP5tnnquXW9KJRMf72EgLzFto=
27,-46,y++5ByFk4MGuXJiRNAOD4owCB04=,xWdP5tnnquXW9KJRMf72EgLzFto=
26,-46,y++5ByFk4MGuXJiRNAOD4owCB04=,xWdP5tnnquXW9KJRMf72EgLzFto=
25,-46,y++5ByFk4MGuXJiRNAOD4owCB04=,xWdP5tnnquXW9KJRMf72EgLzFto=
31,-47,y++5ByFk4MGuXJiRNAOD4owCB04=,xWdP5tnnquXW9KJRMf72EgLzFto=
30,-47,y++5ByFk4MGuXJiRNAOD4owCB04=,xWdP5tnnquXW9KJRMf72EgLzFto=
29,-41,y++5ByFk4MGuXJiRNAOD4owCB04=,xWdP5tnnquXW9KJRMf72EgLzFto=
29,-47,y++5ByFk4MGuXJiRNAOD4owCB04=,xWdP5tnnquXW9KJRMf72EgLzFto=
28,-47,y++5ByFk4MGuXJiRNAOD4owCB04=,xWdP5tnnquXW9KJRMf72EgLzFto=
30,-41,y++5ByFk4MGuXJiRNAOD4owCB04=,xWdP5tnnquXW9KJRMf72EgLzFto=
27,-47,y++5ByFk4MGuXJiRNAOD4owCB04=,xWdP5tnnquXW9KJRMf72EgLzFto=
25,-47,y++5ByFk4MGuXJiRNAOD4owCB04=,xWdP5tnnquXW9KJRMf72EgLzFto=
26,-47,y++5ByFk4MGuXJiRNAOD4owCB04=,xWdP5tnnquXW9KJRMf72EgLzFto=
31,-48,y++5ByFk4MGuXJiRNAOD4owCB04=,xWdP5tnnquXW9KJRMf72EgLzFto=
30,-48,y++5ByFk4MGuXJiRNAOD4owCB04=,xWdP5tnnquXW9KJRMf72EgLzFto=
29,-48,y++5ByFk4MGuXJiRNAOD4owCB04=,xWdP5tnnquXW9KJRMf72EgLzFto=
28,-48,y++5ByFk4MGuXJiRNAOD4owCB04=,xWdP5tnnquXW9KJRMf72EgLzFto=
27,-48,y++5ByFk4MGuXJiRNAOD4owCB04=,xWdP5tnnquXW9KJRMf72EgLzFto=
26,-48,y++5ByFk4MGuXJiRNAOD4owCB04=,xWdP5tnnquXW9KJRMf72EgLzFto=
25,-48,y++5ByFk4MGuXJiRNAOD4owCB04=,xWdP5tnnquXW9KJRMf72EgLzFto=
28,-41,y++5ByFk4MGuXJiRNAOD4owCB04=,xWdP5tnnquXW9KJRMf72EgLzFto=
31,-41,y++5ByFk4MGuXJiRNAOD4owCB04=,xWdP5tnnquXW9KJRMf72EgLzFto=
25,-41,y++5ByFk4MGuXJiRNAOD4owCB04=,xWdP5tnnquXW9KJRMf72EgLzFto=
27,-41,y++5ByFk4MGuXJiRNAOD4owCB04=,xWdP5tnnquXW9KJRMf72EgLzFto=
31,-43,y++5ByFk4MGuXJiRNAOD4owCB04=,xWdP5tnnquXW9KJRMf72EgLzFto=
30,-43,y++5ByFk4MGuXJiRNAOD4owCB04=,xWdP5tnnquXW9KJRMf72EgLzFto=
27,-40,y++5ByFk4MGuXJiRNAOD4owCB04=,Uj2k01PsXnwzDMxQHNGwuCJ8Vio=
26,-41,y++5ByFk4MGuXJiRNAOD4owCB04=,xWdP5tnnquXW9KJRMf72EgLzFto=
31,-42,y++5ByFk4MGuXJiRNAOD4owCB04=,xWdP5tnnquXW9KJRMf72EgLzFto=
27,-43,y++5ByFk4MGuXJiRNAOD4owCB04=,xWdP5tnnquXW9KJRMf72EgLzFto=
29,-43,y++5ByFk4MGuXJiRNAOD4owCB04=,xWdP5tnnquXW9KJRMf72EgLzFto=
26,-40,y++5ByFk4MGuXJiRNAOD4owCB04=,Uj2k01PsXnwzDMxQHNGwuCJ8Vio=
25,-40,y++5ByFk4MGuXJiRNAOD4owCB04=,Uj2k01PsXnwzDMxQHNGwuCJ8Vio=
30,-42,y++5ByFk4MGuXJiRNAOD4owCB04=,xWdP5tnnquXW9KJRMf72EgLzFto=
28,-43,y++5ByFk4MGuXJiRNAOD4owCB04=,xWdP5tnnquXW9KJRMf72EgLzFto=
26,-42,y++5ByFk4MGuXJiRNAOD4owCB04=,xWdP5tnnquXW9KJRMf72EgLzFto=
25,-42,y++5ByFk4MGuXJiRNAOD4owCB04=,xWdP5tnnquXW9KJRMf72EgLzFto=
31,-40,y++5ByFk4MGuXJiRNAOD4owCB04=,Uj2k01PsXnwzDMxQHNGwuCJ8Vio=
29,-42,y++5ByFk4MGuXJiRNAOD4owCB04=,xWdP5tnnquXW9KJRMf72EgLzFto=
27,-42,y++5ByFk4MGuXJiRNAOD4owCB04=,xWdP5tnnquXW9KJRMf72EgLzFto=
28,-42,y++5ByFk4MGuXJiRNAOD4owCB04=,xWdP5tnnquXW9KJRMf72EgLzFto=
18,-43,y++5ByFk4MGuXJiRNAOD4owCB04=,Gjkbe5Tk319JLLTKZ5Z4CdoTy/g=
19,-43,y++5ByFk4MGuXJiRNAOD4owCB04=,Gjkbe5Tk319JLLTKZ5Z4CdoTy/g=
24,-45,y++5ByFk4MGuXJiRNAOD4owCB04=,xWdP5tnnquXW9KJRMf72EgLzFto=
16,-43,y++5ByFk4MGuXJiRNAOD4owCB04=,Gjkbe5Tk319JLLTKZ5Z4CdoTy/g=
23,-44,y++5ByFk4MGuXJiRNAOD4owCB04=,Gjkbe5Tk319JLLTKZ5Z4CdoTy/g=
17,-43,y++5ByFk4MGuXJiRNAOD4owCB04=,Gjkbe5Tk319JLLTKZ5Z4CdoTy/g=
22,-44,y++5ByFk4MGuXJiRNAOD4owCB04=,Gjkbe5Tk319JLLTKZ5Z4CdoTy/g=
20,-44,y++5ByFk4MGuXJiRNAOD4owCB04=,Gjkbe5Tk319JLLTKZ5Z4CdoTy/g=
24,-46,y++5ByFk4MGuXJiRNAOD4owCB04=,xWdP5tnnquXW9KJRMf72EgLzFto=
19,-44,y++5ByFk4MGuXJiRNAOD4owCB04=,Gjkbe5Tk319JLLTKZ5Z4CdoTy/g=
18,-44,y++5ByFk4MGuXJiRNAOD4owCB04=,Gjkbe5Tk319JLLTKZ5Z4CdoTy/g=
17,-44,y++5ByFk4MGuXJiRNAOD4owCB04=,Gjkbe5Tk319JLLTKZ5Z4CdoTy/g=
16,-44,y++5ByFk4MGuXJiRNAOD4owCB04=,Gjkbe5Tk319JLLTKZ5Z4CdoTy/g=
23,-45,y++5ByFk4MGuXJiRNAOD4owCB04=,Gjkbe5Tk319JLLTKZ5Z4CdoTy/g=
22,-45,y++5ByFk4MGuXJiRNAOD4owCB04=,Gjkbe5Tk319JLLTKZ5Z4CdoTy/g=
21,-45,y++5ByFk4MGuXJiRNAOD4owCB04=,Gjkbe5Tk319JLLTKZ5Z4CdoTy/g=
24,-47,y++5ByFk4MGuXJiRNAOD4owCB04=,xWdP5tnnquXW9KJRMf72EgLzFto=
20,-45,y++5ByFk4MGuXJiRNAOD4owCB04=,Gjkbe5Tk319JLLTKZ5Z4CdoTy/g=
21,-44,y++5ByFk4MGuXJiRNAOD4owCB04=,Gjkbe5Tk319JLLTKZ5Z4CdoTy/g=
19,-45,y++5ByFk4MGuXJiRNAOD4owCB04=,Gjkbe5Tk319JLLTKZ5Z4CdoTy/g=
18,-45,y++5ByFk4MGuXJiRNAOD4owCB04=,Gjkbe5Tk319JLLTKZ5Z4CdoTy/g=
17,-45,y++5ByFk4MGuXJiRNAOD4owCB04=,Gjkbe5Tk319JLLTKZ5Z4CdoTy/g=
16,-45,y++5ByFk4MGuXJiRNAOD4owCB04=,Gjkbe5Tk319JLLTKZ5Z4CdoTy/g=
23,-46,y++5ByFk4MGuXJiRNAOD4owCB04=,Gjkbe5Tk319JLLTKZ5Z4CdoTy/g=
22,-46,y++5ByFk4MGuXJiRNAOD4owCB04=,Gjkbe5Tk319JLLTKZ5Z4CdoTy/g=
24,-48,y++5ByFk4MGuXJiRNAOD4owCB04=,xWdP5tnnquXW9KJRMf72EgLzFto=
21,-46,y++5ByFk4MGuXJiRNAOD4owCB04=,Gjkbe5Tk319JLLTKZ5Z4CdoTy/g=
20,-46,y++5ByFk4MGuXJiRNAOD4owCB04=,Gjkbe5Tk319JLLTKZ5Z4CdoTy/g=
19,-46,y++5ByFk4MGuXJiRNAOD4owCB04=,Gjkbe5Tk319JLLTKZ5Z4CdoTy/g=
22,-40,y++5ByFk4MGuXJiRNAOD4owCB04=,J72/KuOvJLVdAWJxXeVuKmWnKZk=
23,-40,y++5ByFk4MGuXJiRNAOD4owCB04=,J72/KuOvJLVdAWJxXeVuKmWnKZk=
18,-46,y++5ByFk4MGuXJiRNAOD4owCB04=,Gjkbe5Tk319JLLTKZ5Z4CdoTy/g=
17,-46,y++5ByFk4MGuXJiRNAOD4owCB04=,Gjkbe5Tk319JLLTKZ5Z4CdoTy/g=
21,-40,y++5ByFk4MGuXJiRNAOD4owCB04=,J72/KuOvJLVdAWJxXeVuKmWnKZk=
16,-46,y++5ByFk4MGuXJiRNAOD4owCB04=,Gjkbe5Tk319JLLTKZ5Z4CdoTy/g=
20,-40,y++5ByFk4MGuXJiRNAOD4owCB04=,J72/KuOvJLVdAWJxXeVuKmWnKZk=
23,-47,y++5ByFk4MGuXJiRNAOD4owCB04=,Gjkbe5Tk319JLLTKZ5Z4CdoTy/g=
20,-47,y++5ByFk4MGuXJiRNAOD4owCB04=,Gjkbe5Tk319JLLTKZ5Z4CdoTy/g=
21,-47,y++5ByFk4MGuXJiRNAOD4owCB04=,Gjkbe5Tk319JLLTKZ5Z4CdoTy/g=
22,-47,y++5ByFk4MGuXJiRNAOD4owCB04=,Gjkbe5Tk319JLLTKZ5Z4CdoTy/g=
19,-40,y++5ByFk4MGuXJiRNAOD4owCB04=,J72/KuOvJLVdAWJxXeVuKmWnKZk=
18,-40,y++5ByFk4MGuXJiRNAOD4owCB04=,J72/KuOvJLVdAWJxXeVuKmWnKZk=
19,-47,y++5ByFk4MGuXJiRNAOD4owCB04=,Gjkbe5Tk319JLLTKZ5Z4CdoTy/g=
18,-47,y++5ByFk4MGuXJiRNAOD4owCB04=,Gjkbe5Tk319JLLTKZ5Z4CdoTy/g=
17,-47,y++5ByFk4MGuXJiRNAOD4owCB04=,Gjkbe5Tk319JLLTKZ5Z4CdoTy/g=
16,-47,y++5ByFk4MGuXJiRNAOD4owCB04=,Gjkbe5Tk319JLLTKZ5Z4CdoTy/g=
23,-48,y++5ByFk4MGuXJiRNAOD4owCB04=,Gjkbe5Tk319JLLTKZ5Z4CdoTy/g=
22,-48,y++5ByFk4MGuXJiRNAOD4owCB04=,Gjkbe5Tk319JLLTKZ5Z4CdoTy/g=
21,-48,y++5ByFk4MGuXJiRNAOD4owCB04=,Gjkbe5Tk319JLLTKZ5Z4CdoTy/g=
20,-43,y++5ByFk4MGuXJiRNAOD4owCB04=,Gjkbe5Tk319JLLTKZ5Z4CdoTy/g=
22,-41,y++5ByFk4MGuXJiRNAOD4owCB04=,Gjkbe5Tk319JLLTKZ5Z4CdoTy/g=
24,-40,y++5ByFk4MGuXJiRNAOD4owCB04=,Uj2k01PsXnwzDMxQHNGwuCJ8Vio=
17,-40,y++5ByFk4MGuXJiRNAOD4owCB04=,J72/KuOvJLVdAWJxXeVuKmWnKZk=
20,-48,y++5ByFk4MGuXJiRNAOD4owCB04=,Gjkbe5Tk319JLLTKZ5Z4CdoTy/g=
24,-43,y++5ByFk4MGuXJiRNAOD4owCB04=,xWdP5tnnquXW9KJRMf72EgLzFto=
19,-48,y++5ByFk4MGuXJiRNAOD4owCB04=,Gjkbe5Tk319JLLTKZ5Z4CdoTy/g=
18,-48,y++5ByFk4MGuXJiRNAOD4owCB04=,Gjkbe5Tk319JLLTKZ5Z4CdoTy/g=
21,-43,y++5ByFk4MGuXJiRNAOD4owCB04=,Gjkbe5Tk319JLLTKZ5Z4CdoTy/g=
23,-41,y++5ByFk4MGuXJiRNAOD4owCB04=,Gjkbe5Tk319JLLTKZ5Z4CdoTy/g=
17,-48,y++5ByFk4MGuXJiRNAOD4owCB04=,Gjkbe5Tk319JLLTKZ5Z4CdoTy/g=
16,-48,y++5ByFk4MGuXJiRNAOD4owCB04=,Gjkbe5Tk319JLLTKZ5Z4CdoTy/g=
24,-41,y++5ByFk4MGuXJiRNAOD4owCB04=,xWdP5tnnquXW9KJRMf72EgLzFto=
20,-41,y++5ByFk4MGuXJiRNAOD4owCB04=,Gjkbe5Tk319JLLTKZ5Z4CdoTy/g=
21,-41,y++5ByFk4MGuXJiRNAOD4owCB04=,Gjkbe5Tk319JLLTKZ5Z4CdoTy/g=
22,-43,y++5ByFk4MGuXJiRNAOD4owCB04=,Gjkbe5Tk319JLLTKZ5Z4CdoTy/g=
24,-44,y++5ByFk4MGuXJiRNAOD4owCB04=,xWdP5tnnquXW9KJRMf72EgLzFto=
18,-41,y++5ByFk4MGuXJiRNAOD4owCB04=,Gjkbe5Tk319JLLTKZ5Z4CdoTy/g=
16,-40,y++5ByFk4MGuXJiRNAOD4owCB04=,J72/KuOvJLVdAWJxXeVuKmWnKZk=
24,-42,y++5ByFk4MGuXJiRNAOD4owCB04=,xWdP5tnnquXW9KJRMf72EgLzFto=
19,-41,y++5ByFk4MGuXJiRNAOD4owCB04=,Gjkbe5Tk319JLLTKZ5Z4CdoTy/g=
17,-41,y++5ByFk4MGuXJiRNAOD4owCB04=,Gjkbe5Tk319JLLTKZ5Z4CdoTy/g=
23,-43,y++5ByFk4MGuXJiRNAOD4owCB04=,Gjkbe5Tk319JLLTKZ5Z4CdoTy/g=
16,-42,y++5ByFk4MGuXJiRNAOD4owCB04=,Gjkbe5Tk319JLLTKZ5Z4CdoTy/g=
18,-42,y++5ByFk4MGuXJiRNAOD4owCB04=,Gjkbe5Tk319JLLTKZ5Z4CdoTy/g=
16,-41,y++5ByFk4MGuXJiRNAOD4owCB04=,Gjkbe5Tk319JLLTKZ5Z4CdoTy/g=
23,-42,y++5ByFk4MGuXJiRNAOD4owCB04=,Gjkbe5Tk319JLLTKZ5Z4CdoTy/g=
21,-42,y++5ByFk4MGuXJiRNAOD4owCB04=,Gjkbe5Tk319JLLTKZ5Z4CdoTy/g=
19,-42,y++5ByFk4MGuXJiRNAOD4owCB04=,Gjkbe5Tk319JLLTKZ5Z4CdoTy/g=
20,-42,y++5ByFk4MGuXJiRNAOD4owCB04=,Gjkbe5Tk319JLLTKZ5Z4CdoTy/g=
22,-42,y++5ByFk4MGuXJiRNAOD4owCB04=,Gjkbe5Tk319JLLTKZ5Z4CdoTy/g=
17,-42,y++5ByFk4MGuXJiRNAOD4owCB04=,Gjkbe5Tk319JLLTKZ5Z4CdoTy/g=
9,-47,ZQvHB6hL4lgq/0V7g758xTwU/mM=,VZ982KMXGI3pGHZBFQpVa5gG94k=
14,-42,ZQvHB6hL4lgq/0V7g758xTwU/mM=,VZ982KMXGI3pGHZBFQpVa5gG94k=
13,-42,ZQvHB6hL4lgq/0V7g758xTwU/mM=,VZ982KMXGI3pGHZBFQpVa5gG94k=
12,-42,ZQvHB6hL4lgq/0V7g758xTwU/mM=,VZ982KMXGI3pGHZBFQpVa5gG94k=
11,-42,ZQvHB6hL4lgq/0V7g758xTwU/mM=,VZ982KMXGI3pGHZBFQpVa5gG94k=
14,-43,ZQvHB6hL4lgq/0V7g758xTwU/mM=,VZ982KMXGI3pGHZBFQpVa5gG94k=
13,-43,ZQvHB6hL4lgq/0V7g758xTwU/mM=,VZ982KMXGI3pGHZBFQpVa5gG94k=
9,-42,ZQvHB6hL4lgq/0V7g758xTwU/mM=,VZ982KMXGI3pGHZBFQpVa5gG94k=
12,-43,ZQvHB6hL4lgq/0V7g758xTwU/mM=,VZ982KMXGI3pGHZBFQpVa5gG94k=
11,-43,ZQvHB6hL4lgq/0V7g758xTwU/mM=,VZ982KMXGI3pGHZBFQpVa5gG94k=
10,-43,ZQvHB6hL4lgq/0V7g758xTwU/mM=,VZ982KMXGI3pGHZBFQpVa5gG94k=
9,-43,ZQvHB6hL4lgq/0V7g758xTwU/mM=,VZ982KMXGI3pGHZBFQpVa5gG94k=
14,-44,ZQvHB6hL4lgq/0V7g758xTwU/mM=,VZ982KMXGI3pGHZBFQpVa5gG94k=
13,-44,ZQvHB6hL4lgq/0V7g758xTwU/mM=,VZ982KMXGI3pGHZBFQpVa5gG94k=
12,-44,ZQvHB6hL4lgq/0V7g758xTwU/mM=,VZ982KMXGI3pGHZBFQpVa5gG94k=
11,-44,ZQvHB6hL4lgq/0V7g758xTwU/mM=,VZ982KMXGI3pGHZBFQpVa5gG94k=
10,-44,ZQvHB6hL4lgq/0V7g758xTwU/mM=,VZ982KMXGI3pGHZBFQpVa5gG94k=
9,-44,ZQvHB6hL4lgq/0V7g758xTwU/mM=,VZ982KMXGI3pGHZBFQpVa5gG94k=
14,-45,ZQvHB6hL4lgq/0V7g758xTwU/mM=,VZ982KMXGI3pGHZBFQpVa5gG94k=
13,-45,ZQvHB6hL4lgq/0V7g758xTwU/mM=,VZ982KMXGI3pGHZBFQpVa5gG94k=
12,-45,ZQvHB6hL4lgq/0V7g758xTwU/mM=,VZ982KMXGI3pGHZBFQpVa5gG94k=
11,-45,ZQvHB6hL4lgq/0V7g758xTwU/mM=,VZ982KMXGI3pGHZBFQpVa5gG94k=
9,-45,ZQvHB6hL4lgq/0V7g758xTwU/mM=,VZ982KMXGI3pGHZBFQpVa5gG94k=
13,-46,ZQvHB6hL4lgq/0V7g758xTwU/mM=,VZ982KMXGI3pGHZBFQpVa5gG94k=
10,-42,ZQvHB6hL4lgq/0V7g758xTwU/mM=,VZ982KMXGI3pGHZBFQpVa5gG94k=
14,-46,ZQvHB6hL4lgq/0V7g758xTwU/mM=,VZ982KMXGI3pGHZBFQpVa5gG94k=
10,-45,ZQvHB6hL4lgq/0V7g758xTwU/mM=,VZ982KMXGI3pGHZBFQpVa5gG94k=
12,-46,ZQvHB6hL4lgq/0V7g758xTwU/mM=,VZ982KMXGI3pGHZBFQpVa5gG94k=
11,-46,ZQvHB6hL4lgq/0V7g758xTwU/mM=,VZ982KMXGI3pGHZBFQpVa5gG94k=
10,-46,ZQvHB6hL4lgq/0V7g758xTwU/mM=,VZ982KMXGI3pGHZBFQpVa5gG94k=
9,-46,ZQvHB6hL4lgq/0V7g758xTwU/mM=,VZ982KMXGI3pGHZBFQpVa5gG94k=
14,-47,ZQvHB6hL4lgq/0V7g758xTwU/mM=,VZ982KMXGI3pGHZBFQpVa5gG94k=
13,-47,ZQvHB6hL4lgq/0V7g758xTwU/mM=,VZ982KMXGI3pGHZBFQpVa5gG94k=
12,-47,ZQvHB6hL4lgq/0V7g758xTwU/mM=,VZ982KMXGI3pGHZBFQpVa5gG94k=
11,-47,ZQvHB6hL4lgq/0V7g758xTwU/mM=,VZ982KMXGI3pGHZBFQpVa5gG94k=
10,-47,ZQvHB6hL4lgq/0V7g758xTwU/mM=,VZ982KMXGI3pGHZBFQpVa5gG94k=
4,-37,ZQvHB6hL4lgq/0V7g758xTwU/mM=,8OpmrmKQXLo2RPnd5OGjfyVW9cg=
6,-37,ZQvHB6hL4lgq/0V7g758xTwU/mM=,8OpmrmKQXLo2RPnd5OGjfyVW9cg=
5,-37,ZQvHB6hL4lgq/0V7g758xTwU/mM=,8OpmrmKQXLo2RPnd5OGjfyVW9cg=
3,-37,ZQvHB6hL4lgq/0V7g758xTwU/mM=,8OpmrmKQXLo2RPnd5OGjfyVW9cg=
6,-33,ZQvHB6hL4lgq/0V7g758xTwU/mM=,8OpmrmKQXLo2RPnd5OGjfyVW9cg=
0,-36,ZQvHB6hL4lgq/0V7g758xTwU/mM=,8OpmrmKQXLo2RPnd5OGjfyVW9cg=
12,-33,ZQvHB6hL4lgq/0V7g758xTwU/mM=,+cmehI5frj7YNngW5hAvdCWXK/M=
5,-33,ZQvHB6hL4lgq/0V7g758xTwU/mM=,8OpmrmKQXLo2RPnd5OGjfyVW9cg=
13,-33,ZQvHB6hL4lgq/0V7g758xTwU/mM=,+cmehI5frj7YNngW5hAvdCWXK/M=
2,-37,ZQvHB6hL4lgq/0V7g758xTwU/mM=,8OpmrmKQXLo2RPnd5OGjfyVW9cg=
1,-36,ZQvHB6hL4lgq/0V7g758xTwU/mM=,8OpmrmKQXLo2RPnd5OGjfyVW9cg=
6,-38,ZQvHB6hL4lgq/0V7g758xTwU/mM=,8OpmrmKQXLo2RPnd5OGjfyVW9cg=
5,-38,ZQvHB6hL4lgq/0V7g758xTwU/mM=,8OpmrmKQXLo2RPnd5OGjfyVW9cg=
4,-33,ZQvHB6hL4lgq/0V7g758xTwU/mM=,8OpmrmKQXLo2RPnd5OGjfyVW9cg=
14,-33,ZQvHB6hL4lgq/0V7g758xTwU/mM=,+cmehI5frj7YNngW5hAvdCWXK/M=
12,-41,ZQvHB6hL4lgq/0V7g758xTwU/mM=,VZ982KMXGI3pGHZBFQpVa5gG94k=
2,-36,ZQvHB6hL4lgq/0V7g758xTwU/mM=,8OpmrmKQXLo2RPnd5OGjfyVW9cg=
3,-36,ZQvHB6hL4lgq/0V7g758xTwU/mM=,8OpmrmKQXLo2RPnd5OGjfyVW9cg=
4,-36,ZQvHB6hL4lgq/0V7g758xTwU/mM=,8OpmrmKQXLo2RPnd5OGjfyVW9cg=
5,-36,ZQvHB6hL4lgq/0V7g758xTwU/mM=,8OpmrmKQXLo2RPnd5OGjfyVW9cg=
0,-39,ZQvHB6hL4lgq/0V7g758xTwU/mM=,8OpmrmKQXLo2RPnd5OGjfyVW9cg=
6,-36,ZQvHB6hL4lgq/0V7g758xTwU/mM=,8OpmrmKQXLo2RPnd5OGjfyVW9cg=
0,-37,ZQvHB6hL4lgq/0V7g758xTwU/mM=,8OpmrmKQXLo2RPnd5OGjfyVW9cg=
3,-33,ZQvHB6hL4lgq/0V7g758xTwU/mM=,8OpmrmKQXLo2RPnd5OGjfyVW9cg=
11,-41,ZQvHB6hL4lgq/0V7g758xTwU/mM=,VZ982KMXGI3pGHZBFQpVa5gG94k=
2,-33,ZQvHB6hL4lgq/0V7g758xTwU/mM=,8OpmrmKQXLo2RPnd5OGjfyVW9cg=
1,-33,ZQvHB6hL4lgq/0V7g758xTwU/mM=,8OpmrmKQXLo2RPnd5OGjfyVW9cg=
4,-38,ZQvHB6hL4lgq/0V7g758xTwU/mM=,8OpmrmKQXLo2RPnd5OGjfyVW9cg=
13,-34,ZQvHB6hL4lgq/0V7g758xTwU/mM=,+cmehI5frj7YNngW5hAvdCWXK/M=
0,-35,ZQvHB6hL4lgq/0V7g758xTwU/mM=,8OpmrmKQXLo2RPnd5OGjfyVW9cg=
3,-38,ZQvHB6hL4lgq/0V7g758xTwU/mM=,8OpmrmKQXLo2RPnd5OGjfyVW9cg=
14,-35,ZQvHB6hL4lgq/0V7g758xTwU/mM=,+cmehI5frj7YNngW5hAvdCWXK/M=
1,-37,ZQvHB6hL4lgq/0V7g758xTwU/mM=,8OpmrmKQXLo2RPnd5OGjfyVW9cg=
13,-41,ZQvHB6hL4lgq/0V7g758xTwU/mM=,VZ982KMXGI3pGHZBFQpVa5gG94k=
11,-33,ZQvHB6hL4lgq/0V7g758xTwU/mM=,+cmehI5frj7YNngW5hAvdCWXK/M=
14,-41,ZQvHB6hL4lgq/0V7g758xTwU/mM=,VZ982KMXGI3pGHZBFQpVa5gG94k=
15,-35,ZQvHB6hL4lgq/0V7g758xTwU/mM=,+cmehI5frj7YNngW5hAvdCWXK/M=
9,-40,ZQvHB6hL4lgq/0V7g758xTwU/mM=,+cmehI5frj7YNngW5hAvdCWXK/M=
8,-34,ZQvHB6hL4lgq/0V7g758xTwU/mM=,+cmehI5frj7YNngW5hAvdCWXK/M=
10,-37,ZQvHB6hL4lgq/0V7g758xTwU/mM=,+cmehI5frj7YNngW5hAvdCWXK/M=
10,-36,ZQvHB6hL4lgq/0V7g758xTwU/mM=,+cmehI5frj7YNngW5hAvdCWXK/M=
7,-37,ZQvHB6hL4lgq/0V7g758xTwU/mM=,8OpmrmKQXLo2RPnd5OGjfyVW9cg=
9,-39,ZQvHB6hL4lgq/0V7g758xTwU/mM=,+cmehI5frj7YNngW5hAvdCWXK/M=
12,-39,ZQvHB6hL4lgq/0V7g758xTwU/mM=,+cmehI5frj7YNngW5hAvdCWXK/M=
8,-35,ZQvHB6hL4lgq/0V7g758xTwU/mM=,+cmehI5frj7YNngW5hAvdCWXK/M=
13,-39,ZQvHB6hL4lgq/0V7g758xTwU/mM=,+cmehI5frj7YNngW5hAvdCWXK/M=
1,-39,ZQvHB6hL4lgq/0V7g758xTwU/mM=,8OpmrmKQXLo2RPnd5OGjfyVW9cg=
14,-39,ZQvHB6hL4lgq/0V7g758xTwU/mM=,+cmehI5frj7YNngW5hAvdCWXK/M=
6,-34,ZQvHB6hL4lgq/0V7g758xTwU/mM=,8OpmrmKQXLo2RPnd5OGjfyVW9cg=
2,-38,ZQvHB6hL4lgq/0V7g758xTwU/mM=,8OpmrmKQXLo2RPnd5OGjfyVW9cg=
1,-35,ZQvHB6hL4lgq/0V7g758xTwU/mM=,8OpmrmKQXLo2RPnd5OGjfyVW9cg=
2,-35,ZQvHB6hL4lgq/0V7g758xTwU/mM=,8OpmrmKQXLo2RPnd5OGjfyVW9cg=
15,-39,ZQvHB6hL4lgq/0V7g758xTwU/mM=,+cmehI5frj7YNngW5hAvdCWXK/M=
8,-38,ZQvHB6hL4lgq/0V7g758xTwU/mM=,+cmehI5frj7YNngW5hAvdCWXK/M=
9,-38,ZQvHB6hL4lgq/0V7g758xTwU/mM=,+cmehI5frj7YNngW5hAvdCWXK/M=
10,-38,ZQvHB6hL4lgq/0V7g758xTwU/mM=,+cmehI5frj7YNngW5hAvdCWXK/M=
11,-37,ZQvHB6hL4lgq/0V7g758xTwU/mM=,+cmehI5frj7YNngW5hAvdCWXK/M=
12,-37,ZQvHB6hL4lgq/0V7g758xTwU/mM=,+cmehI5frj7YNngW5hAvdCWXK/M=
10,-39,ZQvHB6hL4lgq/0V7g758xTwU/mM=,+cmehI5frj7YNngW5hAvdCWXK/M=
9,-35,ZQvHB6hL4lgq/0V7g758xTwU/mM=,+cmehI5frj7YNngW5hAvdCWXK/M=
10,-35,ZQvHB6hL4lgq/0V7g758xTwU/mM=,+cmehI5frj7YNngW5hAvdCWXK/M=
10,-40,ZQvHB6hL4lgq/0V7g758xTwU/mM=,+cmehI5frj7YNngW5hAvdCWXK/M=
1,-38,ZQvHB6hL4lgq/0V7g758xTwU/mM=,8OpmrmKQXLo2RPnd5OGjfyVW9cg=
5,-34,ZQvHB6hL4lgq/0V7g758xTwU/mM=,8OpmrmKQXLo2RPnd5OGjfyVW9cg=
4,-34,ZQvHB6hL4lgq/0V7g758xTwU/mM=,8OpmrmKQXLo2RPnd5OGjfyVW9cg=
3,-34,ZQvHB6hL4lgq/0V7g758xTwU/mM=,8OpmrmKQXLo2RPnd5OGjfyVW9cg=
0,-38,ZQvHB6hL4lgq/0V7g758xTwU/mM=,8OpmrmKQXLo2RPnd5OGjfyVW9cg=
2,-34,ZQvHB6hL4lgq/0V7g758xTwU/mM=,8OpmrmKQXLo2RPnd5OGjfyVW9cg=
13,-37,ZQvHB6hL4lgq/0V7g758xTwU/mM=,+cmehI5frj7YNngW5hAvdCWXK/M=
1,-34,ZQvHB6hL4lgq/0V7g758xTwU/mM=,8OpmrmKQXLo2RPnd5OGjfyVW9cg=
2,-39,ZQvHB6hL4lgq/0V7g758xTwU/mM=,8OpmrmKQXLo2RPnd5OGjfyVW9cg=
3,-35,ZQvHB6hL4lgq/0V7g758xTwU/mM=,8OpmrmKQXLo2RPnd5OGjfyVW9cg=
3,-39,ZQvHB6hL4lgq/0V7g758xTwU/mM=,8OpmrmKQXLo2RPnd5OGjfyVW9cg=
4,-35,ZQvHB6hL4lgq/0V7g758xTwU/mM=,8OpmrmKQXLo2RPnd5OGjfyVW9cg=
4,-39,ZQvHB6hL4lgq/0V7g758xTwU/mM=,8OpmrmKQXLo2RPnd5OGjfyVW9cg=
5,-35,ZQvHB6hL4lgq/0V7g758xTwU/mM=,8OpmrmKQXLo2RPnd5OGjfyVW9cg=
5,-39,ZQvHB6hL4lgq/0V7g758xTwU/mM=,8OpmrmKQXLo2RPnd5OGjfyVW9cg=
6,-35,ZQvHB6hL4lgq/0V7g758xTwU/mM=,8OpmrmKQXLo2RPnd5OGjfyVW9cg=
9,-48,ZQvHB6hL4lgq/0V7g758xTwU/mM=,VZ982KMXGI3pGHZBFQpVa5gG94k=
10,-48,ZQvHB6hL4lgq/0V7g758xTwU/mM=,VZ982KMXGI3pGHZBFQpVa5gG94k=
6,-39,ZQvHB6hL4lgq/0V7g758xTwU/mM=,8OpmrmKQXLo2RPnd5OGjfyVW9cg=
11,-48,ZQvHB6hL4lgq/0V7g758xTwU/mM=,VZ982KMXGI3pGHZBFQpVa5gG94k=
12,-48,ZQvHB6hL4lgq/0V7g758xTwU/mM=,VZ982KMXGI3pGHZBFQpVa5gG94k=
13,-48,ZQvHB6hL4lgq/0V7g758xTwU/mM=,VZ982KMXGI3pGHZBFQpVa5gG94k=
14,-48,ZQvHB6hL4lgq/0V7g758xTwU/mM=,VZ982KMXGI3pGHZBFQpVa5gG94k=
7,-33,ZQvHB6hL4lgq/0V7g758xTwU/mM=,8OpmrmKQXLo2RPnd5OGjfyVW9cg=
14,-37,ZQvHB6hL4lgq/0V7g758xTwU/mM=,+cmehI5frj7YNngW5hAvdCWXK/M=
10,-33,ZQvHB6hL4lgq/0V7g758xTwU/mM=,+cmehI5frj7YNngW5hAvdCWXK/M=
11,-35,ZQvHB6hL4lgq/0V7g758xTwU/mM=,+cmehI5frj7YNngW5hAvdCWXK/M=
11,-40,ZQvHB6hL4lgq/0V7g758xTwU/mM=,+cmehI5frj7YNngW5hAvdCWXK/M=
12,-34,ZQvHB6hL4lgq/0V7g758xTwU/mM=,+cmehI5frj7YNngW5hAvdCWXK/M=
8,-39,ZQvHB6hL4lgq/0V7g758xTwU/mM=,+cmehI5frj7YNngW5hAvdCWXK/M=
0,-34,ZQvHB6hL4lgq/0V7g758xTwU/mM=,8OpmrmKQXLo2RPnd5OGjfyVW9cg=
10,-41,ZQvHB6hL4lgq/0V7g758xTwU/mM=,VZ982KMXGI3pGHZBFQpVa5gG94k=
9,-41,ZQvHB6hL4lgq/0V7g758xTwU/mM=,VZ982KMXGI3pGHZBFQpVa5gG94k=
9,-33,ZQvHB6hL4lgq/0V7g758xTwU/mM=,+cmehI5frj7YNngW5hAvdCWXK/M=
8,-33,ZQvHB6hL4lgq/0V7g758xTwU/mM=,+cmehI5frj7YNngW5hAvdCWXK/M=
15,-34,ZQvHB6hL4lgq/0V7g758xTwU/mM=,+cmehI5frj7YNngW5hAvdCWXK/M=
7,-38,ZQvHB6hL4lgq/0V7g758xTwU/mM=,8OpmrmKQXLo2RPnd5OGjfyVW9cg=
15,-36,ZQvHB6hL4lgq/0V7g758xTwU/mM=,+cmehI5frj7YNngW5hAvdCWXK/M=
7,-34,ZQvHB6hL4lgq/0V7g758xTwU/mM=,8OpmrmKQXLo2RPnd5OGjfyVW9cg=
9,-36,ZQvHB6hL4lgq/0V7g758xTwU/mM=,+cmehI5frj7YNngW5hAvdCWXK/M=
14,-40,ZQvHB6hL4lgq/0V7g758xTwU/mM=,+cmehI5frj7YNngW5hAvdCWXK/M=
15,-37,ZQvHB6hL4lgq/0V7g758xTwU/mM=,+cmehI5frj7YNngW5hAvdCWXK/M=
11,-36,ZQvHB6hL4lgq/0V7g758xTwU/mM=,+cmehI5frj7YNngW5hAvdCWXK/M=
11,-39,ZQvHB6hL4lgq/0V7g758xTwU/mM=,+cmehI5frj7YNngW5hAvdCWXK/M=
12,-38,ZQvHB6hL4lgq/0V7g758xTwU/mM=,+cmehI5frj7YNngW5hAvdCWXK/M=
9,-34,ZQvHB6hL4lgq/0V7g758xTwU/mM=,+cmehI5frj7YNngW5hAvdCWXK/M=
7,-36,ZQvHB6hL4lgq/0V7g758xTwU/mM=,8OpmrmKQXLo2RPnd5OGjfyVW9cg=
12,-40,ZQvHB6hL4lgq/0V7g758xTwU/mM=,+cmehI5frj7YNngW5hAvdCWXK/M=
8,-36,ZQvHB6hL4lgq/0V7g758xTwU/mM=,+cmehI5frj7YNngW5hAvdCWXK/M=
13,-38,ZQvHB6hL4lgq/0V7g758xTwU/mM=,+cmehI5frj7YNngW5hAvdCWXK/M=
13,-35,ZQvHB6hL4lgq/0V7g758xTwU/mM=,+cmehI5frj7YNngW5hAvdCWXK/M=
13,-40,ZQvHB6hL4lgq/0V7g758xTwU/mM=,+cmehI5frj7YNngW5hAvdCWXK/M=
15,-33,ZQvHB6hL4lgq/0V7g758xTwU/mM=,+cmehI5frj7YNngW5hAvdCWXK/M=
11,-34,ZQvHB6hL4lgq/0V7g758xTwU/mM=,+cmehI5frj7YNngW5hAvdCWXK/M=
7,-39,ZQvHB6hL4lgq/0V7g758xTwU/mM=,8OpmrmKQXLo2RPnd5OGjfyVW9cg=
10,-34,ZQvHB6hL4lgq/0V7g758xTwU/mM=,+cmehI5frj7YNngW5hAvdCWXK/M=
14,-36,ZQvHB6hL4lgq/0V7g758xTwU/mM=,+cmehI5frj7YNngW5hAvdCWXK/M=
12,-35,ZQvHB6hL4lgq/0V7g758xTwU/mM=,+cmehI5frj7YNngW5hAvdCWXK/M=
7,-35,ZQvHB6hL4lgq/0V7g758xTwU/mM=,8OpmrmKQXLo2RPnd5OGjfyVW9cg=
14,-34,ZQvHB6hL4lgq/0V7g758xTwU/mM=,+cmehI5frj7YNngW5hAvdCWXK/M=
11,-38,ZQvHB6hL4lgq/0V7g758xTwU/mM=,+cmehI5frj7YNngW5hAvdCWXK/M=
9,-37,ZQvHB6hL4lgq/0V7g758xTwU/mM=,+cmehI5frj7YNngW5hAvdCWXK/M=
12,-36,ZQvHB6hL4lgq/0V7g758xTwU/mM=,+cmehI5frj7YNngW5hAvdCWXK/M=
8,-37,ZQvHB6hL4lgq/0V7g758xTwU/mM=,+cmehI5frj7YNngW5hAvdCWXK/M=
0,-33,ZQvHB6hL4lgq/0V7g758xTwU/mM=,8OpmrmKQXLo2RPnd5OGjfyVW9cg=
14,-38,ZQvHB6hL4lgq/0V7g758xTwU/mM=,+cmehI5frj7YNngW5hAvdCWXK/M=
13,-36,ZQvHB6hL4lgq/0V7g758xTwU/mM=,+cmehI5frj7YNngW5hAvdCWXK/M=
15,-38,ZQvHB6hL4lgq/0V7g758xTwU/mM=,+cmehI5frj7YNngW5hAvdCWXK/M=
15,-41,ZQvHB6hL4lgq/0V7g758xTwU/mM=,VZ982KMXGI3pGHZBFQpVa5gG94k=
15,-48,ZQvHB6hL4lgq/0V7g758xTwU/mM=,VZ982KMXGI3pGHZBFQpVa5gG94k=
15,-47,ZQvHB6hL4lgq/0V7g758xTwU/mM=,VZ982KMXGI3pGHZBFQpVa5gG94k=
15,-46,ZQvHB6hL4lgq/0V7g758xTwU/mM=,VZ982KMXGI3pGHZBFQpVa5gG94k=
15,-45,ZQvHB6hL4lgq/0V7g758xTwU/mM=,VZ982KMXGI3pGHZBFQpVa5gG94k=
15,-44,ZQvHB6hL4lgq/0V7g758xTwU/mM=,VZ982KMXGI3pGHZBFQpVa5gG94k=
15,-43,ZQvHB6hL4lgq/0V7g758xTwU/mM=,VZ982KMXGI3pGHZBFQpVa5gG94k=
15,-40,ZQvHB6hL4lgq/0V7g758xTwU/mM=,+cmehI5frj7YNngW5hAvdCWXK/M=
15,-42,ZQvHB6hL4lgq/0V7g758xTwU/mM=,VZ982KMXGI3pGHZBFQpVa5gG94k=
1,-43,ZQvHB6hL4lgq/0V7g758xTwU/mM=,/4YJfpJLtI0EwM4HBvjZ+59Ik6I=
0,-43,ZQvHB6hL4lgq/0V7g758xTwU/mM=,/4YJfpJLtI0EwM4HBvjZ+59Ik6I=
7,-44,ZQvHB6hL4lgq/0V7g758xTwU/mM=,/4YJfpJLtI0EwM4HBvjZ+59Ik6I=
8,-41,ZQvHB6hL4lgq/0V7g758xTwU/mM=,VZ982KMXGI3pGHZBFQpVa5gG94k=
6,-44,ZQvHB6hL4lgq/0V7g758xTwU/mM=,/4YJfpJLtI0EwM4HBvjZ+59Ik6I=
5,-44,ZQvHB6hL4lgq/0V7g758xTwU/mM=,/4YJfpJLtI0EwM4HBvjZ+59Ik6I=
8,-40,ZQvHB6hL4lgq/0V7g758xTwU/mM=,+cmehI5frj7YNngW5hAvdCWXK/M=
2,-44,ZQvHB6hL4lgq/0V7g758xTwU/mM=,/4YJfpJLtI0EwM4HBvjZ+59Ik6I=
0,-44,ZQvHB6hL4lgq/0V7g758xTwU/mM=,/4YJfpJLtI0EwM4HBvjZ+59Ik6I=
1,-44,ZQvHB6hL4lgq/0V7g758xTwU/mM=,/4YJfpJLtI0EwM4HBvjZ+59Ik6I=
7,-45,ZQvHB6hL4lgq/0V7g758xTwU/mM=,/4YJfpJLtI0EwM4HBvjZ+59Ik6I=
6,-45,ZQvHB6hL4lgq/0V7g758xTwU/mM=,/4YJfpJLtI0EwM4HBvjZ+59Ik6I=
5,-45,ZQvHB6hL4lgq/0V7g758xTwU/mM=,/4YJfpJLtI0EwM4HBvjZ+59Ik6I=
4,-43,ZQvHB6hL4lgq/0V7g758xTwU/mM=,/4YJfpJLtI0EwM4HBvjZ+59Ik6I=
5,-43,ZQvHB6hL4lgq/0V7g758xTwU/mM=,/4YJfpJLtI0EwM4HBvjZ+59Ik6I=
8,-48,ZQvHB6hL4lgq/0V7g758xTwU/mM=,VZ982KMXGI3pGHZBFQpVa5gG94k=
6,-43,ZQvHB6hL4lgq/0V7g758xTwU/mM=,/4YJfpJLtI0EwM4HBvjZ+59Ik6I=
7,-43,ZQvHB6hL4lgq/0V7g758xTwU/mM=,/4YJfpJLtI0EwM4HBvjZ+59Ik6I=
0,-48,ZQvHB6hL4lgq/0V7g758xTwU/mM=,/4YJfpJLtI0EwM4HBvjZ+59Ik6I=
8,-47,ZQvHB6hL4lgq/0V7g758xTwU/mM=,VZ982KMXGI3pGHZBFQpVa5gG94k=
1,-48,ZQvHB6hL4lgq/0V7g758xTwU/mM=,/4YJfpJLtI0EwM4HBvjZ+59Ik6I=
0,-42,ZQvHB6hL4lgq/0V7g758xTwU/mM=,/4YJfpJLtI0EwM4HBvjZ+59Ik6I=
2,-43,ZQvHB6hL4lgq/0V7g758xTwU/mM=,/4YJfpJLtI0EwM4HBvjZ+59Ik6I=
2,-45,ZQvHB6hL4lgq/0V7g758xTwU/mM=,/4YJfpJLtI0EwM4HBvjZ+59Ik6I=
1,-45,ZQvHB6hL4lgq/0V7g758xTwU/mM=,/4YJfpJLtI0EwM4HBvjZ+59Ik6I=
0,-45,ZQvHB6hL4lgq/0V7g758xTwU/mM=,/4YJfpJLtI0EwM4HBvjZ+59Ik6I=
7,-46,ZQvHB6hL4lgq/0V7g758xTwU/mM=,/4YJfpJLtI0EwM4HBvjZ+59Ik6I=
6,-46,ZQvHB6hL4lgq/0V7g758xTwU/mM=,/4YJfpJLtI0EwM4HBvjZ+59Ik6I=
4,-44,ZQvHB6hL4lgq/0V7g758xTwU/mM=,/4YJfpJLtI0EwM4HBvjZ+59Ik6I=
3,-43,ZQvHB6hL4lgq/0V7g758xTwU/mM=,/4YJfpJLtI0EwM4HBvjZ+59Ik6I=
5,-46,ZQvHB6hL4lgq/0V7g758xTwU/mM=,/4YJfpJLtI0EwM4HBvjZ+59Ik6I=
2,-46,ZQvHB6hL4lgq/0V7g758xTwU/mM=,/4YJfpJLtI0EwM4HBvjZ+59Ik6I=
1,-46,ZQvHB6hL4lgq/0V7g758xTwU/mM=,/4YJfpJLtI0EwM4HBvjZ+59Ik6I=
8,-42,ZQvHB6hL4lgq/0V7g758xTwU/mM=,VZ982KMXGI3pGHZBFQpVa5gG94k=
0,-46,ZQvHB6hL4lgq/0V7g758xTwU/mM=,/4YJfpJLtI0EwM4HBvjZ+59Ik6I=
7,-47,ZQvHB6hL4lgq/0V7g758xTwU/mM=,/4YJfpJLtI0EwM4HBvjZ+59Ik6I=
6,-47,ZQvHB6hL4lgq/0V7g758xTwU/mM=,/4YJfpJLtI0EwM4HBvjZ+59Ik6I=
3,-44,ZQvHB6hL4lgq/0V7g758xTwU/mM=,/4YJfpJLtI0EwM4HBvjZ+59Ik6I=
1,-42,ZQvHB6hL4lgq/0V7g758xTwU/mM=,/4YJfpJLtI0EwM4HBvjZ+59Ik6I=
2,-48,ZQvHB6hL4lgq/0V7g758xTwU/mM=,/4YJfpJLtI0EwM4HBvjZ+59Ik6I=
5,-47,ZQvHB6hL4lgq/0V7g758xTwU/mM=,/4YJfpJLtI0EwM4HBvjZ+59Ik6I=
4,-45,ZQvHB6hL4lgq/0V7g758xTwU/mM=,/4YJfpJLtI0EwM4HBvjZ+59Ik6I=
2,-47,ZQvHB6hL4lgq/0V7g758xTwU/mM=,/4YJfpJLtI0EwM4HBvjZ+59Ik6I=
1,-47,ZQvHB6hL4lgq/0V7g758xTwU/mM=,/4YJfpJLtI0EwM4HBvjZ+59Ik6I=
7,-40,ZQvHB6hL4lgq/0V7g758xTwU/mM=,8OpmrmKQXLo2RPnd5OGjfyVW9cg=
6,-40,ZQvHB6hL4lgq/0V7g758xTwU/mM=,8OpmrmKQXLo2RPnd5OGjfyVW9cg=
5,-40,ZQvHB6hL4lgq/0V7g758xTwU/mM=,8OpmrmKQXLo2RPnd5OGjfyVW9cg=
0,-47,ZQvHB6hL4lgq/0V7g758xTwU/mM=,/4YJfpJLtI0EwM4HBvjZ+59Ik6I=
7,-48,ZQvHB6hL4lgq/0V7g758xTwU/mM=,/4YJfpJLtI0EwM4HBvjZ+59Ik6I=
4,-40,ZQvHB6hL4lgq/0V7g758xTwU/mM=,8OpmrmKQXLo2RPnd5OGjfyVW9cg=
3,-40,ZQvHB6hL4lgq/0V7g758xTwU/mM=,8OpmrmKQXLo2RPnd5OGjfyVW9cg=
8,-43,ZQvHB6hL4lgq/0V7g758xTwU/mM=,VZ982KMXGI3pGHZBFQpVa5gG94k=
3,-45,ZQvHB6hL4lgq/0V7g758xTwU/mM=,/4YJfpJLtI0EwM4HBvjZ+59Ik6I=
6,-48,ZQvHB6hL4lgq/0V7g758xTwU/mM=,/4YJfpJLtI0EwM4HBvjZ+59Ik6I=
5,-48,ZQvHB6hL4lgq/0V7g758xTwU/mM=,/4YJfpJLtI0EwM4HBvjZ+59Ik6I=
0,-40,ZQvHB6hL4lgq/0V7g758xTwU/mM=,8OpmrmKQXLo2RPnd5OGjfyVW9cg=
8,-44,ZQvHB6hL4lgq/0V7g758xTwU/mM=,VZ982KMXGI3pGHZBFQpVa5gG94k=
7,-41,ZQvHB6hL4lgq/0V7g758xTwU/mM=,/4YJfpJLtI0EwM4HBvjZ+59Ik6I=
3,-46,ZQvHB6hL4lgq/0V7g758xTwU/mM=,/4YJfpJLtI0EwM4HBvjZ+59Ik6I=
6,-41,ZQvHB6hL4lgq/0V7g758xTwU/mM=,/4YJfpJLtI0EwM4HBvjZ+59Ik6I=
1,-40,ZQvHB6hL4lgq/0V7g758xTwU/mM=,8OpmrmKQXLo2RPnd5OGjfyVW9cg=
8,-45,ZQvHB6hL4lgq/0V7g758xTwU/mM=,VZ982KMXGI3pGHZBFQpVa5gG94k=
5,-41,ZQvHB6hL4lgq/0V7g758xTwU/mM=,/4YJfpJLtI0EwM4HBvjZ+59Ik6I=
4,-41,ZQvHB6hL4lgq/0V7g758xTwU/mM=,/4YJfpJLtI0EwM4HBvjZ+59Ik6I=
4,-46,ZQvHB6hL4lgq/0V7g758xTwU/mM=,/4YJfpJLtI0EwM4HBvjZ+59Ik6I=
2,-42,ZQvHB6hL4lgq/0V7g758xTwU/mM=,/4YJfpJLtI0EwM4HBvjZ+59Ik6I=
4,-48,ZQvHB6hL4lgq/0V7g758xTwU/mM=,/4YJfpJLtI0EwM4HBvjZ+59Ik6I=
4,-47,ZQvHB6hL4lgq/0V7g758xTwU/mM=,/4YJfpJLtI0EwM4HBvjZ+59Ik6I=
0,-41,ZQvHB6hL4lgq/0V7g758xTwU/mM=,/4YJfpJLtI0EwM4HBvjZ+59Ik6I=
7,-42,ZQvHB6hL4lgq/0V7g758xTwU/mM=,/4YJfpJLtI0EwM4HBvjZ+59Ik6I=
6,-42,ZQvHB6hL4lgq/0V7g758xTwU/mM=,/4YJfpJLtI0EwM4HBvjZ+59Ik6I=
5,-42,ZQvHB6hL4lgq/0V7g758xTwU/mM=,/4YJfpJLtI0EwM4HBvjZ+59Ik6I=
8,-46,ZQvHB6hL4lgq/0V7g758xTwU/mM=,VZ982KMXGI3pGHZBFQpVa5gG94k=
2,-40,ZQvHB6hL4lgq/0V7g758xTwU/mM=,8OpmrmKQXLo2RPnd5OGjfyVW9cg=
4,-42,ZQvHB6hL4lgq/0V7g758xTwU/mM=,/4YJfpJLtI0EwM4HBvjZ+59Ik6I=
3,-41,ZQvHB6hL4lgq/0V7g758xTwU/mM=,/4YJfpJLtI0EwM4HBvjZ+59Ik6I=
3,-42,ZQvHB6hL4lgq/0V7g758xTwU/mM=,/4YJfpJLtI0EwM4HBvjZ+59Ik6I=
3,-47,ZQvHB6hL4lgq/0V7g758xTwU/mM=,/4YJfpJLtI0EwM4HBvjZ+59Ik6I=
3,-48,ZQvHB6hL4lgq/0V7g758xTwU/mM=,/4YJfpJLtI0EwM4HBvjZ+59Ik6I=
2,-41,ZQvHB6hL4lgq/0V7g758xTwU/mM=,/4YJfpJLtI0EwM4HBvjZ+59Ik6I=
1,-41,ZQvHB6hL4lgq/0V7g758xTwU/mM=,/4YJfpJLtI0EwM4HBvjZ+59Ik6I=
2,-63,NpNQTbhHVDdYQpte8HCzPhX10m8=,cu27+x67xLZrlmaLb8tOU2to9zw=
3,-61,NpNQTbhHVDdYQpte8HCzPhX10m8=,cu27+x67xLZrlmaLb8tOU2to9zw=
2,-61,NpNQTbhHVDdYQpte8HCzPhX10m8=,cu27+x67xLZrlmaLb8tOU2to9zw=
5,-62,NpNQTbhHVDdYQpte8HCzPhX10m8=,cu27+x67xLZrlmaLb8tOU2to9zw=
7,-63,NpNQTbhHVDdYQpte8HCzPhX10m8=,cu27+x67xLZrlmaLb8tOU2to9zw=
4,-62,NpNQTbhHVDdYQpte8HCzPhX10m8=,cu27+x67xLZrlmaLb8tOU2to9zw=
7,-58,NpNQTbhHVDdYQpte8HCzPhX10m8=,cu27+x67xLZrlmaLb8tOU2to9zw=
6,-63,NpNQTbhHVDdYQpte8HCzPhX10m8=,cu27+x67xLZrlmaLb8tOU2to9zw=
0,-61,NpNQTbhHVDdYQpte8HCzPhX10m8=,cu27+x67xLZrlmaLb8tOU2to9zw=
5,-63,NpNQTbhHVDdYQpte8HCzPhX10m8=,cu27+x67xLZrlmaLb8tOU2to9zw=
6,-58,NpNQTbhHVDdYQpte8HCzPhX10m8=,cu27+x67xLZrlmaLb8tOU2to9zw=
5,-58,NpNQTbhHVDdYQpte8HCzPhX10m8=,cu27+x67xLZrlmaLb8tOU2to9zw=
3,-62,NpNQTbhHVDdYQpte8HCzPhX10m8=,cu27+x67xLZrlmaLb8tOU2to9zw=
1,-61,NpNQTbhHVDdYQpte8HCzPhX10m8=,cu27+x67xLZrlmaLb8tOU2to9zw=
3,-64,NpNQTbhHVDdYQpte8HCzPhX10m8=,cu27+x67xLZrlmaLb8tOU2to9zw=
7,-62,NpNQTbhHVDdYQpte8HCzPhX10m8=,cu27+x67xLZrlmaLb8tOU2to9zw=
2,-64,NpNQTbhHVDdYQpte8HCzPhX10m8=,cu27+x67xLZrlmaLb8tOU2to9zw=
4,-58,NpNQTbhHVDdYQpte8HCzPhX10m8=,cu27+x67xLZrlmaLb8tOU2to9zw=
6,-62,NpNQTbhHVDdYQpte8HCzPhX10m8=,cu27+x67xLZrlmaLb8tOU2to9zw=
1,-64,NpNQTbhHVDdYQpte8HCzPhX10m8=,cu27+x67xLZrlmaLb8tOU2to9zw=
1,-63,NpNQTbhHVDdYQpte8HCzPhX10m8=,cu27+x67xLZrlmaLb8tOU2to9zw=
0,-63,NpNQTbhHVDdYQpte8HCzPhX10m8=,cu27+x67xLZrlmaLb8tOU2to9zw=
7,-64,NpNQTbhHVDdYQpte8HCzPhX10m8=,cu27+x67xLZrlmaLb8tOU2to9zw=
2,-62,NpNQTbhHVDdYQpte8HCzPhX10m8=,cu27+x67xLZrlmaLb8tOU2to9zw=
7,-59,NpNQTbhHVDdYQpte8HCzPhX10m8=,cu27+x67xLZrlmaLb8tOU2to9zw=
6,-59,NpNQTbhHVDdYQpte8HCzPhX10m8=,cu27+x67xLZrlmaLb8tOU2to9zw=
6,-64,NpNQTbhHVDdYQpte8HCzPhX10m8=,cu27+x67xLZrlmaLb8tOU2to9zw=
5,-59,NpNQTbhHVDdYQpte8HCzPhX10m8=,cu27+x67xLZrlmaLb8tOU2to9zw=
4,-59,NpNQTbhHVDdYQpte8HCzPhX10m8=,cu27+x67xLZrlmaLb8tOU2to9zw=
5,-64,NpNQTbhHVDdYQpte8HCzPhX10m8=,cu27+x67xLZrlmaLb8tOU2to9zw=
3,-59,NpNQTbhHVDdYQpte8HCzPhX10m8=,cu27+x67xLZrlmaLb8tOU2to9zw=
2,-59,NpNQTbhHVDdYQpte8HCzPhX10m8=,cu27+x67xLZrlmaLb8tOU2to9zw=
1,-62,NpNQTbhHVDdYQpte8HCzPhX10m8=,cu27+x67xLZrlmaLb8tOU2to9zw=
3,-58,NpNQTbhHVDdYQpte8HCzPhX10m8=,cu27+x67xLZrlmaLb8tOU2to9zw=
7,-60,NpNQTbhHVDdYQpte8HCzPhX10m8=,cu27+x67xLZrlmaLb8tOU2to9zw=
6,-60,NpNQTbhHVDdYQpte8HCzPhX10m8=,cu27+x67xLZrlmaLb8tOU2to9zw=
0,-62,NpNQTbhHVDdYQpte8HCzPhX10m8=,cu27+x67xLZrlmaLb8tOU2to9zw=
5,-60,NpNQTbhHVDdYQpte8HCzPhX10m8=,cu27+x67xLZrlmaLb8tOU2to9zw=
4,-60,NpNQTbhHVDdYQpte8HCzPhX10m8=,cu27+x67xLZrlmaLb8tOU2to9zw=
3,-60,NpNQTbhHVDdYQpte8HCzPhX10m8=,cu27+x67xLZrlmaLb8tOU2to9zw=
2,-60,NpNQTbhHVDdYQpte8HCzPhX10m8=,cu27+x67xLZrlmaLb8tOU2to9zw=
1,-60,NpNQTbhHVDdYQpte8HCzPhX10m8=,cu27+x67xLZrlmaLb8tOU2to9zw=
0,-59,NpNQTbhHVDdYQpte8HCzPhX10m8=,cu27+x67xLZrlmaLb8tOU2to9zw=
0,-60,NpNQTbhHVDdYQpte8HCzPhX10m8=,cu27+x67xLZrlmaLb8tOU2to9zw=
7,-61,NpNQTbhHVDdYQpte8HCzPhX10m8=,cu27+x67xLZrlmaLb8tOU2to9zw=
4,-64,NpNQTbhHVDdYQpte8HCzPhX10m8=,cu27+x67xLZrlmaLb8tOU2to9zw=
6,-61,NpNQTbhHVDdYQpte8HCzPhX10m8=,cu27+x67xLZrlmaLb8tOU2to9zw=
5,-61,NpNQTbhHVDdYQpte8HCzPhX10m8=,cu27+x67xLZrlmaLb8tOU2to9zw=
4,-61,NpNQTbhHVDdYQpte8HCzPhX10m8=,cu27+x67xLZrlmaLb8tOU2to9zw=
4,-63,NpNQTbhHVDdYQpte8HCzPhX10m8=,cu27+x67xLZrlmaLb8tOU2to9zw=
0,-64,NpNQTbhHVDdYQpte8HCzPhX10m8=,cu27+x67xLZrlmaLb8tOU2to9zw=
3,-63,NpNQTbhHVDdYQpte8HCzPhX10m8=,cu27+x67xLZrlmaLb8tOU2to9zw=
2,-58,NpNQTbhHVDdYQpte8HCzPhX10m8=,cu27+x67xLZrlmaLb8tOU2to9zw=
1,-59,NpNQTbhHVDdYQpte8HCzPhX10m8=,cu27+x67xLZrlmaLb8tOU2to9zw=
0,-58,NpNQTbhHVDdYQpte8HCzPhX10m8=,cu27+x67xLZrlmaLb8tOU2to9zw=
1,-58,NpNQTbhHVDdYQpte8HCzPhX10m8=,cu27+x67xLZrlmaLb8tOU2to9zw=
7,-57,NpNQTbhHVDdYQpte8HCzPhX10m8=,cu27+x67xLZrlmaLb8tOU2to9zw=
5,-57,NpNQTbhHVDdYQpte8HCzPhX10m8=,cu27+x67xLZrlmaLb8tOU2to9zw=
6,-57,NpNQTbhHVDdYQpte8HCzPhX10m8=,cu27+x67xLZrlmaLb8tOU2to9zw=
1,-49,NpNQTbhHVDdYQpte8HCzPhX10m8=,fgw8DhjoctdSjJ1R3HqtyOlb8rg=
4,-57,NpNQTbhHVDdYQpte8HCzPhX10m8=,cu27+x67xLZrlmaLb8tOU2to9zw=
0,-49,NpNQTbhHVDdYQpte8HCzPhX10m8=,fgw8DhjoctdSjJ1R3HqtyOlb8rg=
0,-56,NpNQTbhHVDdYQpte8HCzPhX10m8=,fgw8DhjoctdSjJ1R3HqtyOlb8rg=
1,-56,NpNQTbhHVDdYQpte8HCzPhX10m8=,fgw8DhjoctdSjJ1R3HqtyOlb8rg=
2,-49,NpNQTbhHVDdYQpte8HCzPhX10m8=,fgw8DhjoctdSjJ1R3HqtyOlb8rg=
7,-50,NpNQTbhHVDdYQpte8HCzPhX10m8=,fgw8DhjoctdSjJ1R3HqtyOlb8rg=
3,-57,NpNQTbhHVDdYQpte8HCzPhX10m8=,cu27+x67xLZrlmaLb8tOU2to9zw=
6,-50,NpNQTbhHVDdYQpte8HCzPhX10m8=,fgw8DhjoctdSjJ1R3HqtyOlb8rg=
5,-50,NpNQTbhHVDdYQpte8HCzPhX10m8=,fgw8DhjoctdSjJ1R3HqtyOlb8rg=
4,-50,NpNQTbhHVDdYQpte8HCzPhX10m8=,fgw8DhjoctdSjJ1R3HqtyOlb8rg=
4,-49,NpNQTbhHVDdYQpte8HCzPhX10m8=,fgw8DhjoctdSjJ1R3HqtyOlb8rg=
5,-49,NpNQTbhHVDdYQpte8HCzPhX10m8=,fgw8DhjoctdSjJ1R3HqtyOlb8rg=
6,-49,NpNQTbhHVDdYQpte8HCzPhX10m8=,fgw8DhjoctdSjJ1R3HqtyOlb8rg=
3,-49,NpNQTbhHVDdYQpte8HCzPhX10m8=,fgw8DhjoctdSjJ1R3HqtyOlb8rg=
2,-56,NpNQTbhHVDdYQpte8HCzPhX10m8=,fgw8DhjoctdSjJ1R3HqtyOlb8rg=
2,-57,NpNQTbhHVDdYQpte8HCzPhX10m8=,cu27+x67xLZrlmaLb8tOU2to9zw=
1,-50,NpNQTbhHVDdYQpte8HCzPhX10m8=,fgw8DhjoctdSjJ1R3HqtyOlb8rg=
0,-50,NpNQTbhHVDdYQpte8HCzPhX10m8=,fgw8DhjoctdSjJ1R3HqtyOlb8rg=
7,-51,NpNQTbhHVDdYQpte8HCzPhX10m8=,fgw8DhjoctdSjJ1R3HqtyOlb8rg=
6,-51,NpNQTbhHVDdYQpte8HCzPhX10m8=,fgw8DhjoctdSjJ1R3HqtyOlb8rg=
2,-50,NpNQTbhHVDdYQpte8HCzPhX10m8=,fgw8DhjoctdSjJ1R3HqtyOlb8rg=
4,-51,NpNQTbhHVDdYQpte8HCzPhX10m8=,fgw8DhjoctdSjJ1R3HqtyOlb8rg=
5,-51,NpNQTbhHVDdYQpte8HCzPhX10m8=,fgw8DhjoctdSjJ1R3HqtyOlb8rg=
3,-50,NpNQTbhHVDdYQpte8HCzPhX10m8=,fgw8DhjoctdSjJ1R3HqtyOlb8rg=
1,-51,NpNQTbhHVDdYQpte8HCzPhX10m8=,fgw8DhjoctdSjJ1R3HqtyOlb8rg=
0,-51,NpNQTbhHVDdYQpte8HCzPhX10m8=,fgw8DhjoctdSjJ1R3HqtyOlb8rg=
7,-52,NpNQTbhHVDdYQpte8HCzPhX10m8=,fgw8DhjoctdSjJ1R3HqtyOlb8rg=
6,-52,NpNQTbhHVDdYQpte8HCzPhX10m8=,fgw8DhjoctdSjJ1R3HqtyOlb8rg=
5,-52,NpNQTbhHVDdYQpte8HCzPhX10m8=,fgw8DhjoctdSjJ1R3HqtyOlb8rg=
4,-52,NpNQTbhHVDdYQpte8HCzPhX10m8=,fgw8DhjoctdSjJ1R3HqtyOlb8rg=
2,-51,NpNQTbhHVDdYQpte8HCzPhX10m8=,fgw8DhjoctdSjJ1R3HqtyOlb8rg=
1,-52,NpNQTbhHVDdYQpte8HCzPhX10m8=,fgw8DhjoctdSjJ1R3HqtyOlb8rg=
7,-53,NpNQTbhHVDdYQpte8HCzPhX10m8=,fgw8DhjoctdSjJ1R3HqtyOlb8rg=
6,-53,NpNQTbhHVDdYQpte8HCzPhX10m8=,fgw8DhjoctdSjJ1R3HqtyOlb8rg=
5,-53,NpNQTbhHVDdYQpte8HCzPhX10m8=,fgw8DhjoctdSjJ1R3HqtyOlb8rg=
4,-53,NpNQTbhHVDdYQpte8HCzPhX10m8=,fgw8DhjoctdSjJ1R3HqtyOlb8rg=
0,-57,NpNQTbhHVDdYQpte8HCzPhX10m8=,cu27+x67xLZrlmaLb8tOU2to9zw=
3,-56,NpNQTbhHVDdYQpte8HCzPhX10m8=,fgw8DhjoctdSjJ1R3HqtyOlb8rg=
4,-56,NpNQTbhHVDdYQpte8HCzPhX10m8=,fgw8DhjoctdSjJ1R3HqtyOlb8rg=
5,-56,NpNQTbhHVDdYQpte8HCzPhX10m8=,fgw8DhjoctdSjJ1R3HqtyOlb8rg=
7,-49,NpNQTbhHVDdYQpte8HCzPhX10m8=,fgw8DhjoctdSjJ1R3HqtyOlb8rg=
6,-56,NpNQTbhHVDdYQpte8HCzPhX10m8=,fgw8DhjoctdSjJ1R3HqtyOlb8rg=
7,-56,NpNQTbhHVDdYQpte8HCzPhX10m8=,fgw8DhjoctdSjJ1R3HqtyOlb8rg=
0,-55,NpNQTbhHVDdYQpte8HCzPhX10m8=,fgw8DhjoctdSjJ1R3HqtyOlb8rg=
1,-55,NpNQTbhHVDdYQpte8HCzPhX10m8=,fgw8DhjoctdSjJ1R3HqtyOlb8rg=
1,-57,NpNQTbhHVDdYQpte8HCzPhX10m8=,cu27+x67xLZrlmaLb8tOU2to9zw=
1,-53,NpNQTbhHVDdYQpte8HCzPhX10m8=,fgw8DhjoctdSjJ1R3HqtyOlb8rg=
0,-53,NpNQTbhHVDdYQpte8HCzPhX10m8=,fgw8DhjoctdSjJ1R3HqtyOlb8rg=
7,-54,NpNQTbhHVDdYQpte8HCzPhX10m8=,fgw8DhjoctdSjJ1R3HqtyOlb8rg=
6,-54,NpNQTbhHVDdYQpte8HCzPhX10m8=,fgw8DhjoctdSjJ1R3HqtyOlb8rg=
5,-54,NpNQTbhHVDdYQpte8HCzPhX10m8=,fgw8DhjoctdSjJ1R3HqtyOlb8rg=
2,-53,NpNQTbhHVDdYQpte8HCzPhX10m8=,fgw8DhjoctdSjJ1R3HqtyOlb8rg=
2,-52,NpNQTbhHVDdYQpte8HCzPhX10m8=,fgw8DhjoctdSjJ1R3HqtyOlb8rg=
1,-54,NpNQTbhHVDdYQpte8HCzPhX10m8=,fgw8DhjoctdSjJ1R3HqtyOlb8rg=
0,-54,NpNQTbhHVDdYQpte8HCzPhX10m8=,fgw8DhjoctdSjJ1R3HqtyOlb8rg=
7,-55,NpNQTbhHVDdYQpte8HCzPhX10m8=,fgw8DhjoctdSjJ1R3HqtyOlb8rg=
6,-55,NpNQTbhHVDdYQpte8HCzPhX10m8=,fgw8DhjoctdSjJ1R3HqtyOlb8rg=
5,-55,NpNQTbhHVDdYQpte8HCzPhX10m8=,fgw8DhjoctdSjJ1R3HqtyOlb8rg=
4,-54,NpNQTbhHVDdYQpte8HCzPhX10m8=,fgw8DhjoctdSjJ1R3HqtyOlb8rg=
3,-51,NpNQTbhHVDdYQpte8HCzPhX10m8=,fgw8DhjoctdSjJ1R3HqtyOlb8rg=
3,-52,NpNQTbhHVDdYQpte8HCzPhX10m8=,fgw8DhjoctdSjJ1R3HqtyOlb8rg=
4,-55,NpNQTbhHVDdYQpte8HCzPhX10m8=,fgw8DhjoctdSjJ1R3HqtyOlb8rg=
2,-54,NpNQTbhHVDdYQpte8HCzPhX10m8=,fgw8DhjoctdSjJ1R3HqtyOlb8rg=
2,-55,NpNQTbhHVDdYQpte8HCzPhX10m8=,fgw8DhjoctdSjJ1R3HqtyOlb8rg=
3,-53,NpNQTbhHVDdYQpte8HCzPhX10m8=,fgw8DhjoctdSjJ1R3HqtyOlb8rg=
3,-55,NpNQTbhHVDdYQpte8HCzPhX10m8=,fgw8DhjoctdSjJ1R3HqtyOlb8rg=
3,-54,NpNQTbhHVDdYQpte8HCzPhX10m8=,fgw8DhjoctdSjJ1R3HqtyOlb8rg=
0,-52,NpNQTbhHVDdYQpte8HCzPhX10m8=,fgw8DhjoctdSjJ1R3HqtyOlb8rg=
